submission_number,device_name,company,panel,decision_date,pdf_found,n_patients,n_samples,patients_vs_samples,multi_site,baseline_comparison,demographics_disclosed,confidence_intervals,womens_health
K253532,TruSPECT Processing Station,"Spectrum Dynamics Medical, Ltd.",Radiology,12/30/2025,Yes,Training: 328; Test: 24,"Training: 1,014 images; Test: 74 images",Yes — pseudoreplication risk (multiple observations per patient treated as independent),"Yes, 3 sites in the UK and Germany",The reference standard was the clinical routine high-count SPECT image (~1.0 MCounts) acquired under standard D-SPECT protocols.,"Disclosed: age, sex/gender, BMI / Not reported: race/ethnicity, comorbidities",Not reported,"No — the study relates to myocardial perfusion SPECT noise-reduction performance, which is not specific to women's health."
K252379,AIR Recon DL,"Ge Medical Systems, LLC",Radiology,12/23/2025,Yes,Clinical Image Quality Study: 34 datasets (patients not specified); Quantitative Post Processing: 6 volunteers,Clinical Image Quality Study: 34 datasets; Quantitative Post Processing: Multiple sequences repeated 4 times per volunteer,Yes — pseudoreplication risk (multiple observations per patient treated as independent). 'Each sequence was repeated 4 times and retrospectively reconstructed to generate images with product reconstruction and AIR Recon DL with Phase Correction.',Not reported,Predicate device. 'The DLPC and the PC-ARDL models have undergone bench testing with in-vivo data to evaluate the feature and its impact on image quality relative to the predicate device.',"Not reported: age, sex/gender, race/ethnicity, comorbidities",Not reported,"No — the device is intended for use with all anatomies and patients of all ages, not specifically related to women's health."
K253091,ART-Plan+ (v3.1.0),Therapanacea Sas,Radiology,12/23/2025,Yes,Annotate: 1844; SmartPlan: 35; AdaptBox: 161,Not reported,N/A — one observation per patient,Not reported,comparison of the DSC between contours generated by the previous version of ART-Plan and manual contours performed by medical experts,Not reported,"No, confidence intervals not reported for primary performance metrics","No, the study relates to automatic segmentation for radiotherapy planning, not specific to women's health"
K252856,PeekMed web,"Peek Health, S.A.",Radiology,12/22/2025,Yes,Not reported,"2852 X-ray datasets, 2073 CT scans, and 209 MRIs",Not reported,"Yes, datasets from multiple sites",Comparison against the predefined ground truth,"Disclosed: None / Not reported: age, sex/gender, race/ethnicity, comorbidities",Not reported,"No — The device is intended for pre-operative planning for surgical procedures in adult patients with injuries or disabilities, without specific focus on women's health."
K253664,SKOUT system,Iterative Health,Gastroenterology-Urology,12/22/2025,Yes,Not reported,Not reported,Not reported,Not reported,predicate device,"Disclosed: [] / Not reported: [age, sex/gender, race/ethnicity, comorbidities]",Not reported,"No — The device is related to colorectal polyp detection during colonoscopy, which is not specific to women's health."
K250959,BioticsAI,"Bioticsai, Inc.",Radiology,12/22/2025,Yes,296,"11,186 fetal ultrasound images",Yes — pseudoreplication risk (multiple observations per patient treated as independent),"No, single site in the United States",No comparator,"Disclosed: age, race/ethnicity, comorbidities / Not reported: sex/gender","Yes, metrics with CIs: Sensitivity, Specificity","Yes — the device is used for prenatal ultrasound review and reporting, which relates to obstetrics and conditions affecting women."
K252557,Lumify Diagnostic Ultrasound System,"Philips Ultrasound, LLC",Radiology,12/22/2025,Yes,Not reported,Not reported,Not reported,Not reported,ground truth labels,"Disclosed: None / Not reported: age, sex/gender, race/ethnicity, comorbidities","Yes, for the prevalence-adjusted bias-adjusted kappa (PABAK) statistic","No — the study relates to lung ultrasound imaging, which is not specific to women's health."
K252670,Alzevita,TOPIA MEDTECH LIMITED,Radiology,12/19/2025,Yes,Training: 200; Validation: 298,Same as patients,N/A — one observation per patient,"Yes, 4 sites: East USA, West USA, Central USA, Canada","Alzevita has been demonstrated to be substantially equivalent to its predicate device, NEUROShield (K220034), with respect to intended use, technological characteristics, and performance.","Disclosed: age, sex/gender / Not reported: race/ethnicity, comorbidities","Yes, metrics with CIs: Dice coefficient, Hausdorff distance","No — the study relates to automated hippocampal segmentation in neuroimaging, which is not specific to women's health."
K252284,eMurmur Heart AI,Csd Labs,Cardiovascular,12/19/2025,Yes,Not reported,Not reported,Not reported,Not reported,The ground truth classification was determined by three board-certified cardiologists based on majority consensus.,"Not reported: age, sex/gender, race/ethnicity, comorbidities","Yes, for sensitivity, specificity, and accuracy","No — the device is intended for use on pediatric and adult patients for heart sound analysis, not specifically related to women's health."
K252838,MAGNETOM Sola; MAGNETOM Altea; MAGNETOM Sola Fit; MAGNETOM Viato.Mobile; MAGNETOM Vida; MAGNETOM Lumina; MAGNETOM Vida Fit; MAGNETOM Flow.Elite; MAGNETOM Flow.Neo; MAGNETOM Flow.Rise,Siemens Healthcare GmbH,Radiology,12/19/2025,Yes,Not reported,"Deep Resolve Swift Brain: 29,740 2D slices; Deep Resolve Boost for FL3D_VIBE and SPACE: 27,679 3D patches from 1265 measurements; Deep Resolve Sharp for FL3D_VIBE and SPACE: approx. 13,000 high resolution 3D patches from 500 measurements; Deep Resolve Boost for TSE: more than 23250 slices for training, more than 1750 slices for validation, more than 2000 slices for additional testing",Not reported,Not reported,The acquired datasets represent the ground truth for the training and validation. Input data was retrospectively created from the ground truth by data manipulation.,"Disclosed: [] / Not reported: [age, sex/gender, race/ethnicity, comorbidities]",Not reported,"No — The document does not mention any specific focus on women's health, pregnancy, gynecology, breast health, obstetrics, or conditions predominantly affecting women."
K252029,AI-CVD,HeartLung Corporation,Radiology,12/19/2025,Yes,"MESA and FHS cohorts; 913 consecutive, real-world coronary calcium screening CT scans (patients not specified)",913 CT scans,N/A — one observation per patient,"Yes, 3 community imaging centers",All AI-CVD® quantitative imaging measurements were compared with measurements made manually by human experts or by gold standard reference tests.,Not reported,Not reported,"No — the study relates to cardiovascular imaging and quantification, which is not specific to women's health."
K250914,MediAI-BA,"Crescom Co., Ltd.",Radiology,12/18/2025,Yes,600,Same as patients,N/A — one observation per patient,"Yes, 5 sites across multiple states in the United States",By comparing the software’s bone age analysis results with the ground truth established by four evaluators,"Disclosed: age, sex/gender, race/ethnicity / Not reported: comorbidities","Yes, slope and intercept in Deming regression analysis","No — the study relates to bone age assessment in pediatric patients, not specifically to women's health"
K253516,Assert-IQ (DM5100),Abbott Medical,Cardiovascular,12/18/2025,Yes,Not reported,Not reported,Not reported,Not reported,Not reported,"Disclosed: None / Not reported: age, sex/gender, race/ethnicity, comorbidities",Not reported,"No — the device is related to cardiac monitoring, which is not specific to women's health."
K252235,PVAD IQ Software,"Ultrasight , Ltd.",Radiology,12/18/2025,Yes,186,963 clips,Yes — pseudoreplication risk (multiple observations per patient treated as independent),Not reported,Not reported,"Not reported: age, sex/gender, race/ethnicity, comorbidities","Yes, metrics with CIs: mean absolute error, Cohen's kappa, AUC","No — the study relates to cardiac ultrasound analysis for patients with Percutaneous Ventricular Assist Devices, not specific to women's health."
K251416,UltraSight Guidance,"Ultrasight , Ltd.",Radiology,12/17/2025,Yes,134 patients,"26,362 ultrasound clips",Yes — pseudoreplication risk (multiple observations per patient treated as independent),"Yes, 2 sites: USA and Israel",predicate device,"Disclosed: age, sex/gender / Not reported: race/ethnicity, comorbidities","Yes, AUC and false positive rate (FPR) have 95% CI","No — the device is for cardiac ultrasound image acquisition, not specific to women's health"
K252922,Neosoma Brain Mets,"Neosoma, Inc.",Radiology,12/17/2025,Yes,70,Same as patients,N/A — one observation per patient,"Yes, multi-site (inside and outside of the US)",The reference standard (ground truth) was established using three US board certified neuroradiologists with expertise in measuring brain metastases.,"Disclosed: age, race/ethnicity / Not reported: sex/gender, comorbidities","Yes, metrics with CIs: Sensitivity, False Positive Rate, DSC, HD95, MSD",No — the study relates to brain metastases in adult patients without specific focus on women's health.
K251763,IRISeg,"Intuitive Surgical, Inc.",Radiology,12/16/2025,Yes,Not reported,Not reported,Not reported,Not reported,Not reported,Not reported,Not reported,"No — The device is intended for kidney CT auto-segmentation, which is not specific to women's health."
K252204,prolaio eVO2peak Module (Version 1.0),"Prolaio, Inc.",Cardiovascular,12/16/2025,Yes,228,Not reported,N/A — one observation per patient,"Yes, multiple centers in the United States",No comparator,"Disclosed: age, race/ethnicity / Not reported: sex/gender, comorbidities","Yes, Mean Error (Bias) and Mean Absolute Error have CIs","No — the device is intended for estimating peak oxygen consumption in adult patients, not specific to women's health."
K253489,Swoop® Portable MR Imaging® System,"Hyperfine, Inc.",Radiology,12/12/2025,Yes,DWI: 8; CNR: 12; Image Validation: 34,DWI: 31 images; CNR: 45 images; Image Validation: 102 images,Yes — pseudoreplication risk (multiple observations per patient treated as independent),"Yes, 8 sites",Linear Reconstruction was used as the reference standard for the comparison.,"Disclosed: age, sex/gender / Not reported: race/ethnicity, comorbidities","No, confidence intervals not reported for performance metrics","No, the study relates to MRI imaging of the head, not specific to women's health."
K252482,CogNet AI-MT+,"Medcognetics, Inc.",Radiology,12/11/2025,Yes,"Training: 32,292; Test: 806","Training: ≈ 129,168 images; Test: 806 studies",Yes — pseudoreplication risk (multiple observations per patient treated as independent),"Yes, sites not specified",Comparable to the standard of care as reported in the Breast Cancer Surveillance Consortium (BCSC) study,"Disclosed: age / Not reported: sex/gender, race/ethnicity, comorbidities","Yes, metrics with CIs: AUROC, Sensitivity, Specificity","Yes, the device analyzes DBT screening mammograms for findings suspicious of cancer, which relates to breast health."
K253141,DeepRhythmAI,Medicalgorithmics S.A.,Cardiovascular,12/11/2025,Yes,Not reported,Not reported,Not reported,Not reported,Not reported,Not reported,Not reported,"No — The device is related to cardiac arrhythmia assessment using ECG data, which is not specific to women's health."
K252497,SANSA HSAT,Huxley Medical,Anesthesiology,12/10/2025,Yes,325,Same as patients,N/A — one observation per patient,"Yes, multisite in-lab comparison study",The performance of AHIc and NREM/REM sleep classification were compared to the PSG reference standard.,"Disclosed: age, sex/gender, race/ethnicity / Not reported: comorbidities","Yes, metrics with CIs: sensitivity and specificity of sAHIc and REM/NREM classification","No — the study relates to sleep apnea, which affects both men and women."
K243449,INFINITT DPS,"Infinitt Healthcare Co., Ltd.",Pathology,12/09/2025,Yes,Not reported,Not reported,Not reported,Not reported,Predicate Device: NanoZoomer S360MD Slide scanner system (K233027) by Hamamatsu Photonics K.K.,"Disclosed: [] / Not reported: [age, sex/gender, race/ethnicity, comorbidities]",Not reported,"No — The device is intended for viewing and management of whole slide digital images for pathology primary diagnosis, not specifically related to women's health."
K252294,Fetal EchoScan (v1.2),Brightheart,Radiology,12/08/2025,Yes,877,Same as patients,N/A — one observation per patient,"Yes, 11 centers",The study results indicate that reviews by interpreting physicians were more accurate when aided by the Fetal EchoScan device compared to when unaided.,"Disclosed: mother's age, BMI, race / Not reported: age, sex/gender, comorbidities","Yes, metrics with CIs include sensitivity and specificity for various findings.","Yes, the study relates to fetal echocardiography, which is relevant to pregnancy and obstetrics."
K251936,Ceribell Delirium Monitor System,"Ceribell, Inc.",Neurology,12/08/2025,Yes,225,857 assessments,"No — dependence correctly handled (e.g. mixed models, per-patient aggregation, clustered standard errors). '95% confidence interval estimates (bias-corrected accelerated bootstrapping) were calculated both on all individual assessments and on a per-subject level (bootstrap substitution for all assessments from a subject, to correct for potential within-subject correlations)'.",Not reported,The results of the Delirium Monitor were compared against the ground truth established by the clinical diagnosis of delirium by a qualified clinician.,"Disclosed: age, sex/gender / Not reported: race/ethnicity, comorbidities","Yes, metrics with CIs: Sensitivity, Specificity, AUROC, PPV, NPV","No — the study relates to delirium monitoring in a critical care environment, not specifically to women's health."
K251657,Personalized Therapy Comfort Settings (PTCS),ResMed Corp,Anesthesiology,12/05/2025,Yes,Not reported,Not reported,Not reported,Not reported,Predicate device: myAir (K250624),"Disclosed: [] / Not reported: [age, sex/gender, race/ethnicity, comorbidities]",Not reported,"No — the device is related to noncontinuous ventilators, which are not specific to women's health."
K250780,ARTAssistant,"Manteia Technologies Co., Ltd.",Radiology,12/05/2025,Yes,Training: 560; Test: 247,Not reported,N/A — one observation per patient,Not reported,Predicate device,"Disclosed: age, sex/gender, race/ethnicity / Not reported: comorbidities",Not reported,"No — the study involves adaptive radiation therapy for various cancers, not specific to women's health"
K251514,Overjet CBCT Assist,"Overjet, Inc.",Radiology,12/05/2025,Yes,100 CBCT scans (patients not specified),100 CBCT scans,N/A — one observation per patient,Not reported,comparison to ground truth annotations generated by licensed oral and maxillofacial radiologists,Not reported,"Yes, instance-level sensitivity for restorative structures and dental anatomy","No — The device is intended for dental and craniomaxillofacial CBCT image analysis, which is not specific to women's health."
K252504,Gastric Alimetry,"Alimetry , Ltd.",Gastroenterology-Urology,12/05/2025,Yes,Not reported,Not reported,Not reported,Not reported,amplitude ratio shown to be substantially equivalent to predicate,"Not reported: age, sex/gender, race/ethnicity, comorbidities",Not reported,"No — the document does not mention any specific relation to women's health, pregnancy, gynecology, breast health, obstetrics, or conditions that predominantly or disproportionately affect women."
K251203,AVIEW Lung Nodule CAD,"Coreline Soft Co.,Ltd",Radiology,12/03/2025,Yes,Not reported,Not reported,Not reported,Not reported,No comparator,"Disclosed: None / Not reported: age, sex/gender, race/ethnicity, comorbidities",Not reported,"No — the device is related to lung nodule detection, which is not specific to women's health."
K252103,Acorn 3D Software (AC-SEG-4009); Acorn 3DP Model (AC-101-XX),Mighty Oak Medical,Radiology,12/02/2025,Yes,Not reported,Not reported,Not reported,Not reported,Predicate device,"Disclosed: None / Not reported: age, sex/gender, race/ethnicity, comorbidities",Not reported,"No — the device is intended for musculoskeletal and craniomaxillofacial applications, which are not specific to women's health."
K251370,Cartesion Prime (PCD-1000A/3) V10.21,Canon Medical Systems Corporation,Radiology,12/01/2025,Yes,Training: 27; Substantial equivalence: 11; Validation: 10,Same as patients,N/A — one observation per patient,Not reported,predicate deviceless PET respiratory gating functionality (DRG1),"Disclosed: sex/gender, body mass index / Not reported: age, race/ethnicity, comorbidities",Not reported,No — the study involves PET imaging for cancer patients without specific focus on women's health
K252217,CT VScore+,"Canon Medical Informatics, Inc.",Radiology,11/28/2025,Yes,Development: 210; Validation: 236,Same as patients,N/A — one observation per patient,"Yes, data from six U.S. states across four U.S. regions and multiple institution types","Consensus manual scoring on an FDA-cleared device (Vitrea CT VScore, K243240) and a 2+1 consensus process by three U.S. board-certified radiologists/cardiologists.","Disclosed: age, sex/gender / Not reported: race/ethnicity, comorbidities","Yes, metrics with CIs: Total Agatston Score ICC(2,1), Total Volume Score ICC(2,1), CAC-DRS 4-Class Kappa, CAC Standard 5-Class Kappa","No, the device is intended for non-invasive evaluation of calcified lesions of the coronary arteries based on ECG-gated, non-contrast cardiac CT images for patients aged 30 years or older, which is not specific to women's health."
K253269,OEC One CFD,"Ge Hualun Medical Systems Co. , Ltd.",Radiology,11/26/2025,Yes,Not reported,3078 images,Not reported,Not reported,No comparator,"Disclosed: Ethnicity/Country / Not reported: age, sex/gender, race/ethnicity, comorbidities","Yes, success rate for Last Image Hold and Fluoroscopy images","No — The device is a fluoroscopic X-ray system used for various diagnostic and surgical procedures, not specifically related to women's health."
K250694,Scaida BrainCT-ICH (v1.0),Mlhealth 360,Radiology,11/25/2025,Yes,294,Same as patients,N/A — one observation per patient,"Yes, 3 sites in the United States",Predicate device,"Disclosed: age, sex/gender / Not reported: race/ethnicity, comorbidities","Yes, sensitivity and specificity","No — the study relates to intracranial hemorrhage detection in CT scans, not specific to women's health"
K253310,7600 Ultrasound System (MyLabC25); 7600 Ultrasound System (MyLabC30),"Esaote, S.P.A.",Radiology,11/25/2025,Yes,Not reported,Not reported,Not reported,Not reported,Not reported,"Disclosed: [] / Not reported: [age, sex/gender, race/ethnicity, comorbidities]",Not reported,Yes — The device is used for OB/Fetal and Gynecology applications.
K252328,Voluson Expert 18; Voluson Expert 20; Voluson Expert 22,Ge Medical Systems Ultrasound and Primary Care Diagnostics,Radiology,11/24/2025,Yes,"Training: 35,861; Test: 396","Training: 122,711 images; Test: 2,699 images","No — dependence correctly handled (e.g. mixed models, per-patient aggregation, clustered standard errors). Data was sampled so that a maximum of one sample was taken per patient per view.","Yes, data collected from multiple geographical sites including UK, Austria, India, and USA.",predicate device,"Disclosed: age / Not reported: sex/gender, race/ethnicity, comorbidities","Yes, metrics with CIs include SonoLyst IR, SonoLyst X, and SonoLyst Live.","Yes, the device is specialized for OB/GYN applications including fetal/OB and transvaginal imaging."
K252366,a2z-Unified-Triage,"A2z Radiology Ai, Inc.",Radiology,11/24/2025,Yes,Training: Not reported; Test: 643,Same as patients,"Yes — pseudoreplication risk (multiple observations per patient treated as independent). 'The final test cohort consisted of 678 cases, with 3 cases excluded due to quality control failures during model inference, resulting in an analytic cohort of 675 cases from 643 unique patients.'","Yes, 12 sites. Specific sites: New York, Kansas, Missouri, Texas, Nebraska.",Radiologist reads. 'A standalone performance assessment was performed for a2z-Unified-Triage to validate the accuracy of detecting the 7 findings against a reference standard established by U.S. board-certified radiologists.',"Disclosed: age, sex/gender / Not reported: race/ethnicity, comorbidities","Yes, metrics with CIs: Triage Turn-around Time, QFM Conditions","No, the device is for analysis of abdominal/pelvic CT images in adults aged 22 and older, not specifically related to women's health."
K251293,CardioVision,Icardio.Ai,Cardiovascular,11/21/2025,Yes,608,650 echocardiography studies,Yes — pseudoreplication risk (multiple observations per patient treated as independent),"Yes, 12 independent clinical sites across the United States",The combination of high sensitivity and specificity reinforces its substantial equivalence to the predicate device.,"Disclosed: age, weight, BMI / Not reported: sex/gender, race/ethnicity, comorbidities","Yes, metrics with CIs: Sensitivity, Specificity, PPV, NPV","No — the device is intended for detecting aortic stenosis, which is not specific to women's health."
K251506,Nelli (Version 7.11),Neuro Event Labs OY,Neurology,11/21/2025,Yes,Phase I: 104; Phase II: 74,Same as patients,N/A — one observation per patient,"Yes, 3 sites: TJU, MLH, USF in the United States",Measured against an expert panel’s review of video EEG (the current gold standard for seizure monitoring),"Disclosed: age / Not reported: sex/gender, race/ethnicity, comorbidities","Yes, metrics with CIs: Sensitivity, False Detection Rate","No — the device is for seizure monitoring in adults aged 18 and above, not specific to women's health"
K251822,MAGNETOM Free.Max; MAGNETOM Free.Star,"Siemens Shenzhen Magnetic Resonance , Ltd.",Radiology,11/20/2025,Yes,Not reported,Not reported,Not reported,Not reported,Not reported,"Disclosed: None / Not reported: age, sex/gender, race/ethnicity, comorbidities",Not reported,"No — The study relates to magnetic resonance imaging devices, which are not specific to women's health."
K252086,DTX Studio Assist,Nobel Biocare C/O Medicim NV,Radiology,11/17/2025,Yes,Not reported,"1,530 IOR images; 274 IOR images; 220 IOR images",Not reported,"Yes, images sourced from nine U.S. states and multiple European sites",No comparator,"Disclosed: sex/gender / Not reported: age, race/ethnicity, comorbidities","No, metrics reported without CIs","No, relates to dental radiographs and findings"
K252330,DeepRESP,Nox Medical Ehf,Neurology,11/17/2025,Yes,"Type I/II: 4,030; Type III: 5,771",Same as patients,N/A — one observation per patient,"Yes, sleep clinics in the United States",The performance of DeepRESP was compared to the agreement between the automatic scoring of the predicate device and manual scoring.,"Disclosed: age, sex/gender, race/ethnicity / Not reported: comorbidities","Yes, metrics with CIs: ΔPPA%, ΔNPA%, ΔOPA%","No — the device is related to sleep disorders, which are not specific to women's health."
K250525,Second Opinion® Panoramic,"Pearl, Inc.",Radiology,11/14/2025,Yes,Impacted Teeth: 420; Periapical Radiolucency: 496; Caries: 511,Same as patients,N/A — one observation per patient,"Yes, geographic distribution across Northwest, Northeast, South, West, Midwest regions in the United States","The test dataset includes a diverse range of conditions aligned with the device’s intended use, including primary and secondary caries, as well as cysts, bone loss and caries present within or around an impaction.","Disclosed: age, sex/gender / Not reported: race/ethnicity, comorbidities","Yes, metrics with CIs include lesion level wAFROC differences and lesion-level sensitivity gains","No — the device is intended for dental radiograph analysis, which is not specific to women's health."
K251078,AutoDensity,Eos Imaging,Radiology,11/14/2025,Yes,"Training: 4,679; Test: 129; Clinical precision: 30; Clinical agreement: 253","9,358 images (training); Same as patients (testing and clinical studies)",Yes — pseudoreplication risk (multiple observations per patient treated as independent),"Yes, multiple sites (US and France)",Bland-Altman agreement between AutoDensity and the reference device BMD measurements,"Disclosed: age, sex/gender, BMI / Not reported: race/ethnicity, comorbidities","Yes, for AutoDensity precision CV%","No — the study relates to bone mineral density estimation for orthopedic pre-surgical assessment, not specifically women's health."
K252452,PeekMed web,"Peek Health, S.A.",Radiology,11/12/2025,Yes,Not reported,"2852 X-ray datasets, 2073 CT scans, and 209 MRIs",Not reported,"Yes, multiple sites","Comparison of the efficacy results of the ML models using the testing and external validation datasets against the predefined ground truth met the acceptance criteria for ML model performance, demonstrating the substantial equivalence of the subject device to its predicate.","Disclosed: age, sex/gender / Not reported: race/ethnicity, comorbidities",Not reported,"No — The device is for pre-operative planning for surgical procedures using medical imaging, applicable to both men and women."
K250264,SugarBug (1.x),"Bench7, Inc.",Radiology,11/07/2025,Yes,300,Same as patients,N/A — one observation per patient,Not reported,"The primary objective was to determine whether SugarBug improves diagnostic performance, as measured by weighted Alternative Free-response Receiver Operating Characteristic (wAFROC) area under the curve (AUC).","Disclosed: age, sex/gender / Not reported: race/ethnicity, comorbidities","Yes, metrics with CIs: wAFROC-AUC, lesion-level sensitivity, FPPI, DICE scores","No — the device is intended for the detection of dental caries, which is not specific to women's health."
K252041,Fibresolve (with PCCP),"Imvaria, Inc.",Radiology,11/07/2025,Yes,Not reported,Not reported,Not reported,Not reported,Substantial equivalence as compared to the prior version.,"Disclosed: None / Not reported: age, sex/gender, race/ethnicity, comorbidities",Not reported,"No — the device is related to fibrotic lung disease, which does not predominantly or disproportionately affect women."
K253265,BriefCase-Triage,"Aidoc Medical , Ltd.",Radiology,11/06/2025,Yes,Sensitivity: 173; Specificity: 221,Same as patients,N/A — one observation per patient,"Yes, 6 sites (Site 1 to Site 6)","The study compared the software’s performance to the ground truth, as determined by three senior board-certified radiologists.","Disclosed: age, sex/gender / Not reported: race/ethnicity, comorbidities","Yes, metrics with CIs: Sensitivity, Specificity","No — the study relates to abdominal CT images for triage of intra-abdominal free gas pathologies, not specific to women's health."
K250330,3mensio Workstation,Pie Medical Imaging BV,Radiology,11/03/2025,Yes,65,Same as patients,N/A — one observation per patient,"Yes, multi-centric observational cohort study",Performance testing was conducted where the results of automatically determined segmentation and measurements was evaluated against ground-truth values manually obtained by experts with the primary predicate device.,"Disclosed: age, sex/gender / Not reported: race/ethnicity, comorbidities","No, confidence intervals not reported for primary performance metrics","No, the study relates to cardiovascular structures and valvular intervention, which are not specific to women's health."
K251532,Acorn 3D Software (AC-SEG-4009); Acorn 3DP Model (AC-101-XX),Mighty Oak Medical,Radiology,11/03/2025,Yes,Not reported,Not reported,Not reported,Not reported,"Accuracy of the pedicle screws was compared using clinical data. Deviations were within the acceptance criteria. This shows that for planning pedicle screws and pedicle screw trajectories, Acorn 3D Trajectory Automation is substantially equivalent to the predicate device.","Disclosed: None / Not reported: age, sex/gender, race/ethnicity, comorbidities",Not reported,"No — The device is intended for planning pedicle screw trajectories in the thoracic and lumbar regions of the spine, which is not specific to women's health."
K252074,"Aplio i900, Aplio i800 and Aplio i700 Software V9.0 Diagnostic Ultrasound System",Canon Medical Systems Corporation,Radiology,10/31/2025,Yes,30 patients,Minimum 294 images,Yes — pseudoreplication risk (multiple observations per patient treated as independent),"No, single-site (U.S. clinical site)",Images with 3-HI were compared to images without 3-HI (predicate functionality) using a 5-point ordinal scale.,"Disclosed: age, sex/gender, race/ethnicity / Not reported: comorbidities",Not reported,"No — the device is used for a wide range of clinical applications, not specifically focused on women's health."
K250337,AiORTA - Plan,"ViTAA Medical Solutions, Inc.",Radiology,10/30/2025,Yes,Not reported,40 CT scans,Not reported,"Yes, US and Canadian clinical centers","Measurements compared against annotations from 3 US-based board-certified Radiologists and reference device, Simpleware ScanIP Medical.","Not reported: age, sex/gender, race/ethnicity, comorbidities","No, confidence intervals not reported for primary performance metrics","No — the device is intended for cardiovascular assessment and planning, which is not specific to women's health."
K251985,LOGIQ E10,Ge Medical Systems Ultrasound and Primary Care Diagnostics,Radiology,10/29/2025,Yes,Training: 582; Confirmatory US: 15; Confirmatory EU: 24,1186 annotation images,Yes — pseudoreplication risk (multiple observations per patient treated as independent),"Yes, multiple sites in Japan, US, and EU",The UGFF index is based on a least squares fit (estimation) between the acoustic property measurements and the corresponding MRI Proton Density Fat Fraction (MRI-PDFF %) measurements.,"Disclosed: age, sex/gender, BMI, race/ethnicity / Not reported: comorbidities","Yes, metrics with CIs: Porta Hepatis measurement accuracy, average absolute error, Limits of Agreement","No, the study relates to general liver measurements and not specifically to women's health."
K251963,LOGIQ E10s,Ge Medical Systems Ultrasound and Primary Care Diagnostics,Radiology,10/29/2025,Yes,Training: 582; Confirmatory US/EU: 20; EU: 24,Same as patients,N/A — one observation per patient,"Yes, 2 sites: Japan, US/EU",Strong correlation was confirmed between UFF values and MRI-PDFF.,"Disclosed: age, sex/gender, BMI, race/ethnicity / Not reported: comorbidities","Yes, metrics with CIs: Porta Hepatis measurement accuracy, average absolute error, Limits of Agreement",No — the study relates to liver measurements and does not specifically address women's health issues.
K250882,SANSA HSAT,Huxley Medical,Anesthesiology,10/29/2025,Yes,Not reported,Not reported,Not reported,Not reported,Not reported,Not reported,Not reported,"No — the device is intended for the evaluation of sleep-related breathing and cardiac disorders, which are not specific to women's health."
K251027,cvi42 Coronary Plaque Software Application,"Circle Cardiovascular Imaging, Inc.",Radiology,10/27/2025,Yes,Not reported,Not reported,Not reported,"Yes, multiple sites with 100% of the data sampled from US sources",compared to a reference standard established from three expert annotators,"Disclosed: age, sex / Not reported: race/ethnicity, comorbidities","No, confidence intervals not reported for the primary performance metrics","No — the device is intended for cardiovascular imaging and analysis, which is not specific to women's health."
K251059,Syngo Carbon Clinicals (VA41),Siemens Healthineers AG,Radiology,10/24/2025,Yes,"Training: 6,135","23,464 images",Yes — pseudoreplication risk (multiple observations per patient treated as independent),"Yes, data collected from USA, Germany, Ukraine, Austria, and Canada","Algorithm performance was evaluated using cumulative distribution functions (CDFs), which demonstrated that the algorithm's measurement deviations fell within the range of inter-reader variability.","Disclosed: age, sex/gender / Not reported: race/ethnicity, comorbidities",Not reported,"No — the study relates to spinal measurements, not specifically to women's health."
K250288,TeraRecon Cardiovascular.Calcification.CT,"Terarecon,Inc.",Radiology,10/23/2025,Yes,422,Not reported,N/A — one observation per patient,"Yes, multiple locations in the US",ground truth was established and compared to the output of the device,"Not reported: age, sex/gender, race/ethnicity, comorbidities","Yes, metrics with CIs: Agatston classification accuracy, DICE coefficient","No, the study relates to cardiovascular calcification which is not specific to women's health"
K252298,ANDI 2.0,"Imeka Solutions, Inc.",Radiology,10/22/2025,Yes,Training: 140; Validation: 747; Segmentation evaluation: 71; Reproducibility assessment: 59,Same as patients,N/A — one observation per patient,Not reported,"Quote: 'The brain segmentation performance testing datasets included MPRAGE images acquired on a variety of MRI scanner models from the three main manufacturers (GE, Philips and Siemens).' Also, 'Dice coefficients were computed between ANDI 2.0’s brain regions segmentation and the expert approved ground truth to assess the accuracy and robustness.'","Disclosed: age, sex/gender, comorbidities / Not reported: race/ethnicity","No, confidence intervals are not reported for the primary performance metrics.","No, the device relates to brain MRI data processing, which is not specific to women's health."
K252665,brAIn Shoulder Positioning,Avatar Medical,Radiology,10/20/2025,Yes,Training: 335; Test: 173,508 pairs of 3D images,Yes — pseudoreplication risk (multiple observations per patient treated as independent),Not reported,Not reported,"Disclosed: sex/gender, geographical origin / Not reported: age, race/ethnicity, comorbidities",Not reported,"No — the study relates to shoulder positioning for total shoulder arthroplasty, which is not specific to women's health."
K251673,X9 Ultrasound System,"X9, Inc.",Radiology,10/17/2025,Yes,Training: Not reported; Test: 63,378 B-mode ultrasound images,Yes — pseudoreplication risk (multiple observations per patient treated as independent),"Yes, dialysis clinics (specific sites not named)","No clinical testing was conducted in support of the X9 Ultrasound System, as the intended use, indications, and technology are equivalent to those of the predicate device.","Disclosed: age, sex/gender, race/ethnicity / Not reported: comorbidities",Not reported,"No — the device is intended for ultrasound imaging of vascular accesses for hemodialysis, which is not specific to women's health."
K251355,X1-FFR,"Spectrawave, Inc.",Radiology,10/17/2025,Yes,285,306 vessels,Yes — pseudoreplication risk (multiple observations per patient treated as independent),Not reported,invasive hyperemic pressure wire,"Disclosed: age, sex/gender / Not reported: race/ethnicity, comorbidities","Yes, 95% limits of agreement for Bland-Altman analysis","No — the study relates to coronary vessel assessment, which is not specific to women's health."
K251602,"Alphenix, INFX-8000V/B, INFX-8000V/S, V9.6 with aEvolve Imaging",Canon Medical Systems Corporation,Radiology,10/10/2025,Yes,Not reported,Not reported,Not reported,"Yes, 3 sites: Memorial Hermann Hospital (Houston, Texas), Waikato Hospital (Hamilton, New Zealand), Saiseikai Kumamoto Hospital (Kumamoto, Japan)","Predicate device: Alphenix, INFX-8000V/B, INFX-8000V/S, V9.5","Not reported: age, sex/gender, race/ethnicity, comorbidities",Not reported,"No — the device is used for diagnostic and angiographic procedures for blood vessels in the heart, brain, abdomen, and lower extremities, which are not specific to women's health."
K251082,HYDROS Robotic System (HY1000); HYDROS Handpiece (HH1000); HYDROS TRUS Probe (HU1000),Procept Biorobotics,General and Plastic Surgery,10/10/2025,Yes,Not reported,Not reported,Not reported,Not reported,Predicate device,"Disclosed: [] / Not reported: [age, sex/gender, race/ethnicity, comorbidities]",Not reported,No — the device is indicated for the resection and removal of prostate tissue in males suffering from lower urinary tract symptoms due to benign prostatic hyperplasia.
K251651,EPIQ Series Diagnostic Ultrasound System; Affiniti Series Diagnostic Ultrasound System,"Philips Ultrasound, LLC",Radiology,10/09/2025,Yes,Not reported,Not reported,Not reported,Not reported,Predicate device,"Disclosed: None / Not reported: age, sex/gender, race/ethnicity, comorbidities",Not reported,"No — the device relates to general diagnostic ultrasound imaging, not specifically to women's health."
K252214,AIAS Cephalon,Metamorphosis GmbH,Radiology,10/07/2025,Yes,18,"11,000 DRRs",Yes — pseudoreplication risk (multiple observations per patient treated as independent),Not reported,Not reported,"Disclosed: age, sex/gender, race/ethnicity / Not reported: comorbidities",Not reported,"No — the device is related to femur fracture surgery, which is not specific to women's health."
K252007,BlineSlide,"Deep Breathe, Inc.",Radiology,10/06/2025,Yes,Not reported,1005 cines,Not reported,"Yes, cines were acquired from a variety of clinical sites in cities with diverse race and ethnicity populations",Ground truth for the presence or absence of B line artifacts was determined by consensus agreement of two or more experts,"Disclosed: sex, age, body mass index / Not reported: race/ethnicity, comorbidities","Yes, Sensitivity and Specificity","No — the device is intended for lung ultrasound analysis in patients aged 18 years or older, not specific to women's health"
K250662,Bunkerhill MAC,Bunkerhill Health,Radiology,10/03/2025,Yes,Not reported,Not reported,Not reported,"Yes, multiple sites across three geographical regions in the United States",The device output was compared to the established reference standard,"Disclosed: age / Not reported: sex/gender, race/ethnicity, comorbidities","Yes, Precision and Recall have CIs","No — the device is intended for detecting mitral annulus calcification, which is not specific to women's health."
K252178,MAGENTIQ-COLO (ME-APDS),"Magentiq Eye, Ltd.",Gastroenterology-Urology,10/03/2025,Yes,252 unique full colonoscopy videos (patients not specified),806 polyps,Yes — pseudoreplication risk (multiple observations per patient treated as independent),Not reported,Predicate device,"Disclosed: age, sex/gender, race/ethnicity / Not reported: comorbidities","Yes, metrics with CIs: PRecall1, PRecall3, PRecall5, PRecall7","No — relates to gastrointestinal lesion detection, not specific to women's health"
K251639,xvision Spine system,"Augmedics, Ltd.",Neurology,10/03/2025,Yes,Not reported,Not reported,Not reported,Not reported,Not reported,"Disclosed: [] / Not reported: [age, sex/gender, race/ethnicity, comorbidities]",Not reported,"No — The device is intended for spine procedures, which are not specific to women's health."
K250766,LungQ 4,Thirona BV,Radiology,10/02/2025,Yes,Not reported,Not reported,Not reported,"Yes, multi-center CT scans","Predicate device, LungQ v3.0.0","Not reported: age, sex/gender, race/ethnicity, comorbidities",Not reported,No — relates to pulmonary tissue analysis
K250023,SMART PCFD,Disior Ltd,Radiology,09/29/2025,Yes,Training: 340; Test: 82,357 CT image studies,"Yes — pseudoreplication risk (multiple observations per patient treated as independent). 'Out of 357 CT image studies, 340 were from individual patients with few studies from same patient with different foot alignments.'","Yes, various sites across USA and Europe",No comparator,"Disclosed: age, sex/gender, race/ethnicity / Not reported: comorbidities",Not reported,"No — the study relates to Progressive Collapsing Foot Deformity, which is not specific to women's health."
K252054,SpineAR SNAP (SyncAR Spine),"Surgical Theater, Inc.",Neurology,09/29/2025,Yes,CT Validation: 92; MRI Validation: 15,CT Validation: 95 scans; MRI Validation: 31 scans,Yes — pseudoreplication risk (multiple observations per patient treated as independent),"Yes, scan acquisition sources from Europe and U.S.A.",Predicate device,"Disclosed: age, sex / Not reported: race/ethnicity, comorbidities","Yes, MDC 95% CI Lower Bound reported for segmentation accuracy","No — the device is intended for spinal stereotaxic surgery, which is not specific to women's health"
K252105,Ligence Heart,"Ligence, UAB",Radiology,09/26/2025,Yes,524,600 echocardiograms,Yes — pseudoreplication risk (multiple observations per patient treated as independent),"No, single-site at a U.S. based independent Echocardiography Core Laboratory",Agreement between Ligence Heart and three independent expert sonographers was quantified using the reference-scaled IEC.,"Disclosed: age, sex/gender / Not reported: race/ethnicity, comorbidities","Yes, IEC 95% confidence interval","No, the device is for general adult cardiac ultrasound analysis."
K252371,uMR 680,"Shanghai United Imaging Healthcare Co., Ltd.",Radiology,09/25/2025,Yes,Not reported,Not reported,Not reported,Not reported,Predicate device,"Disclosed: None / Not reported: age, sex/gender, race/ethnicity, comorbidities",Not reported,"No — the device is a general magnetic resonance diagnostic device for head, body, and extremities."
K251527,Brain WMH,Quantib BV,Radiology,09/25/2025,Yes,Training: 474; Test: 90,110 studies,Yes — pseudoreplication risk (multiple observations per patient treated as independent),"Yes, multiple clinical sites with majority in the United States",Predicate device,"Disclosed: age, sex/gender / Not reported: race/ethnicity, comorbidities",Not reported,"No, the device is intended for brain imaging analysis without specific focus on women's health"
K251483,SwiftSight-Brain,AIRS Medical Inc.,Radiology,09/23/2025,Yes,3D T1: 72; T2 FLAIR: 160,3D T1: 72 scans; T2 FLAIR: 160 scans,N/A — one observation per patient,"Yes, multiple countries including the United States, United Kingdom, China, Germany, Brazil, and Republic of Korea",Expert manual segmentations,"Disclosed: age / Not reported: sex/gender, race/ethnicity, comorbidities",Not reported,"No — the device is related to brain imaging and analysis, not specifically to women's health"
K251987,Rapid Aortic Measurements,"iSchemaView, Inc.",Radiology,09/23/2025,Yes,115 patients,"108 cases; 2,268 VR outputs; 756 CPR/MPR outputs; 324 Oblique MPRs; 666 measurement outputs",Yes — pseudoreplication risk (multiple observations per patient treated as independent),"Yes, 3 sites (54 US, 24 OUS, 30 unknown)",segmentation outputs against source DICOM images,"Disclosed: age, sex/gender / Not reported: race/ethnicity, comorbidities","No, confidence intervals not reported for primary performance metrics","No — the study relates to aortic and iliac artery measurements, which are not specific to women's health."
K251167,uDR Aurora CX,"Shanghai United Imaging Healthcare Co., Ltd.",Radiology,09/19/2025,Yes,Not reported,328 cases in a week,Not reported,"Yes, data from different cooperative hospitals",No comparator,"Disclosed: sex/gender, age / Not reported: race/ethnicity, comorbidities","No, confidence intervals not mentioned for primary performance metrics",No — the device is intended for general X-ray imaging and explicitly states it is not intended for mammography.
K251002,Videa Dental AI,VideaHealth Inc.,Radiology,09/19/2025,Yes,Not reported,"1,445 radiographs; 378 radiographs",N/A — one observation per patient,"Yes, more than 35 US sites for bench testing; over 25 US locations for clinical testing",reader accuracy when unaided by VDA,"Disclosed: age, sex/gender / Not reported: race/ethnicity, comorbidities",Not reported,"No — the study relates to dental health, which does not predominantly or disproportionately affect women"
K250649,Bunkerhill ECG-EF,BunkerHill Health,Cardiovascular,09/19/2025,Yes,"15,994",Same as patients,N/A — one observation per patient,"Yes, 5 sites geographically distributed throughout the United States",The ground truth was established from an echocardiogram using the Simpson’s Biplane measurement method taken less than 15-days apart from the ECG scan.,"Disclosed: age, sex/gender, race/ethnicity / Not reported: comorbidities","Yes, metrics with CIs: sensitivity, specificity, PPV, NPV","No — The device is intended for screening Left Ventricular Ejection Fraction (LVEF) in adults, which is not specific to women's health."
K250369,Axial3D Insight,Axial Medical Printing Limited,Radiology,09/18/2025,Yes,Not reported,Not reported,Not reported,Not reported,comparing the candidate modified AxialML model against the model version from the original submission,"Disclosed: [] / Not reported: [age, sex/gender, race/ethnicity, comorbidities]",Not reported,"No — The device is intended for general medical imaging applications including trauma, orthopedic, maxillofacial, and cardiovascular, not specifically related to women's health."
K251386,ECHELON Synergy,Fujifilm Corporation,Radiology,09/17/2025,Yes,Training: Not reported; Test: 89,178 images,Yes — pseudoreplication risk (multiple observations per patient treated as independent),"Yes, 3 sites: FUJIFILM Corp., FUJIFILM Healthcare Americas Corp., clinical sites",Images reconstructed with either the conventional method or DLR Symmetry were compared by the reviewers.,"Disclosed: age, sex/gender / Not reported: race/ethnicity, comorbidities","No, metrics with statistically significant difference (p<0.05) reported but no CIs",No — the study includes applications for both male and female pelvis but is not specifically focused on women's health
K251221,Assert-IQ  (DM5000); Assert-IQ (DM5300); Assert-IQ (DM5500); Merlin.net (MN7000),Abbott,Cardiovascular,09/17/2025,Yes,CARE-Pause: 1498; CARE-AF: 911; Assert-IQ post-market study: 151,Not reported,"Yes — pseudoreplication risk (multiple observations per patient treated as independent). 'To minimize the risk of bias caused by frequent similar episodes, a maximum of two episodes were randomly selected from each patient during the available monitoring period.'","Yes, CARE-Pause: 504 clinics across the United States; CARE-AF: 360 clinics across the United States",Holter monitor. 'The overall system performance of Assert IQ with CARE-AF is assessed using data collected from the Assert-IQ post-market study (NCT06172699) comparing device detection against a Holter monitor.',"Disclosed: sex/gender, age / Not reported: race/ethnicity, comorbidities",Not reported,"No — the device is for cardiac monitoring and arrhythmia detection, which is not specific to women's health."
K250237,InferOperate Suite,"Beijing Infervision Healthcare Medical Technology Co., Ltd.",Radiology,09/15/2025,Yes,188 cases (patients not specified),188 cases,N/A — one observation per patient,Not reported,"The InferOperate Suite is substantially equivalent in intended use, design, principles of operation, and safety features to the predicate device.","Not reported: age, sex/gender, race/ethnicity, comorbidities","Yes, metrics with CIs: Dice coefficient (DSC), 95% Hausdorff Distance (HD95)",No — the study involves general anatomical segmentation and is not specific to women's health.
K252586,CADDIE,Odin Medical Limited,Gastroenterology-Urology,09/12/2025,Yes,Not reported,Not reported,Not reported,Not reported,The baseline Clinical Performance Evaluation was conducted and reviewed in K240044 and is still applicable to the versions of the device that are the subject of this submission.,"Disclosed: [] / Not reported: [age, sex/gender, race/ethnicity, comorbidities]","Yes, metrics with CIs: Frame-level accuracy, Frame-level TPR, Frame-level FPR, AUC","No, the study relates to cecal structure detection which is not specific to women's health."
K251518,Volta AF-Xplorer II,Volta Medical,Cardiovascular,09/12/2025,Yes,Not reported,Not reported,Not reported,Not reported,predicate device Volta AF-Xplorer,"Disclosed: [] / Not reported: [age, sex/gender, race/ethnicity, comorbidities]",Not reported,"No — the device relates to cardiac signal analysis, which is not specific to women's health."
K251368,FETOLY,Diagnoly,Radiology,09/12/2025,Yes,Completeness: 750; Measure: 441,"Completeness: 5,554 images; Measure: 6,024 images","No — dependence correctly handled (e.g. mixed models, per-patient aggregation, clustered standard errors). Confidence intervals (CI) has been derived using bootstrap resampling at the patient level. By sampling patient files and simulating intra-patient correlation, the bootstrap methodology appropriately accounts for potential image correlation.","Yes, 6 sites in the United States and France",No comparator,"Disclosed: age, race/ethnicity, BMI, gestational age / Not reported: sex/gender, comorbidities","Yes, metrics with CIs: sensitivity, specificity, limits of agreement","Yes — The device is intended for fetal ultrasound examinations, which are related to pregnancy and obstetrics."
K251399,SIGNA Sprint,"GE Medical Systems, LLC",Radiology,09/11/2025,Yes,Not reported,Not reported,Not reported,Not reported,The performance data described in this submission include results of both bench testing and clinical testing that show the image quality performance of SIGNA™ Sprint compared to the predicate device.,Not reported,Not reported,"No — The device is a whole-body magnetic resonance scanner for general diagnostic imaging, not specific to women's health."
K250507,Hypertension Notification Feature (HTNF),Apple Inc.,Cardiovascular,09/11/2025,Yes,"Algorithm Development: 9,800; Clinical Validation: 2,229",Same as patients,N/A — one observation per patient,Not reported,FDA-cleared home blood pressure monitor as reference,"Disclosed: age, sex, race, ethnicity, BMI / Not reported: comorbidities","Yes, metrics with CIs: Sensitivity, Specificity, PPV",No — the device is not intended for use during pregnancy and is for hypertension detection in adults generally.
K251316,Mazor X System / Mazor X Stealth Edition,Mazor Robotics Ltd.,Neurology,09/11/2025,Yes,Not reported,"2327 AP images, 2651 LAT images; 146 AP images, 253 LAT images; 160 studies (101 3D CT scans, 59 3D O-arm scans); 326 screw plans from 25 spine images",Yes — pseudoreplication risk (multiple observations per patient treated as independent),Not reported,Predicate Devices: Mazor X System (Mazor X Stealth Edition) (K230064),"Disclosed: sex/gender, age / Not reported: race/ethnicity, comorbidities","Yes, for intraclass correlation coefficient (ICC) and True Positive Rate (TPR)","No — the study relates to spinal surgery planning and measurements, not specific to women's health"
K244002,AngioWaveNet,"Angiowave Imaging, Inc.",Radiology,09/10/2025,Yes,Training: 300; Test: 31,"Training: ~21,000 frames; Test: 97 angiograms",Yes — pseudoreplication risk (multiple observations per patient treated as independent),Not reported,No comparator,"Disclosed: age, sex/gender, race/ethnicity, comorbidities / Not reported: None",Not reported,"No — relates to coronary angiographic imaging, not specific to women's health"
K251072,Segmentron Viewer,"DGNCT, LLC",Radiology,09/09/2025,Yes,Tooth Segmentation: 126; Pulp Segmentation: 43; Anatomy Segmentation: 56; Labeling Performance: 40,Same as patients,N/A — one observation per patient,Not reported,Reference standards (“ground truth”) established by U.S. board-certified radiologists,"Not reported: age, sex/gender, race/ethnicity, comorbidities","Yes, Dice Coefficient for segmentation studies","No — the device is intended for processing and manipulating maxillofacial radiographic images, applicable to patients 14 years and older with permanent teeth, without specific focus on women's health."
K251682,MuscleView 2.0,"Springbok, Inc. (dba Springbok Analytics)",Radiology,09/09/2025,Yes,"Training: 1,658; Validation: 1,294; Training: 1,192; Validation: 374","Training: 1,658 scans; Test: 460 scans",Yes — pseudoreplication risk (multiple observations per patient treated as independent),"Yes, 19 – 22 new sites",Performance testing of segmentation and associated metrics was performed by comparing the results obtained to a reference standard developed by manual segmentation performed by experts.,"Disclosed: age, sex/gender, race/ethnicity / Not reported: comorbidities","Yes, metrics with CIs: DICE (DSC), absolute volume difference",No — the device is for general musculoskeletal imaging and does not specifically relate to women's health.
K251931,BioTraceIO Vision  (V1.7),Techsomed Medical Technologies,Radiology,09/08/2025,Yes,Liver Segmentation CT: 1091; Liver Segmentation MR: 418; Liver Vessel Segmentation CT: 393; Kidney Segmentation CT: 300,Liver Segmentation CT: 1091 images; Liver Segmentation MR: 418 images; Liver Vessel Segmentation CT: 393 images; Kidney Segmentation CT: 300 images,N/A — one observation per patient,"Yes, Liver Segmentation CT: 38 sites (Germany, France, Turkey, Japan, Israel, Netherlands, Canada, USA, UK); Liver Segmentation MR: 3 sites (Central Europe); Liver Vessel Segmentation CT: 36 sites (Central Europe, North America, East Asia); Kidney Segmentation CT: 2 sites (North America)",Predicate device,"Disclosed: age, sex/gender / Not reported: race/ethnicity, comorbidities",Not reported,"No — the device is used for planning ablation procedures, which are not specific to women's health"
K251610,qER-CTA (v1.0),Qure.ai Technologies,Radiology,09/08/2025,Yes,584,584 head CTA scans,N/A — one observation per patient,Not reported,Not reported,"Not reported: age, sex/gender, race/ethnicity, comorbidities","Yes, metrics with CIs: Sensitivity, Specificity, AUC","No — the device relates to brain CT angiogram analysis for large vessel occlusion, not specific to women's health."
K251533,"Rapid Obstructive Hydrocephalus, Rapid OH",iSchemaView Inc.,Radiology,09/04/2025,Yes,"Training: 3,340; Validation: 320",Same as patients,N/A — one observation per patient,"Yes, 74 sites",No comparator,"Disclosed: sex/gender, age / Not reported: race/ethnicity, comorbidities","Yes, sensitivity and specificity","No — the device is for obstructive hydrocephalus in adult patients, not specific to women's health"
K250064,Dose+ (1.0),Mvision AI Oy,Radiology,09/04/2025,Yes,"Performance Verification: 25 (Prostate Model), 27 (PelvisLN Model); Clinical Validation: Not reported",Same as patients,N/A — one observation per patient,"Yes, 7 U.S. institutions for Prostate Model and 6 institutions for PelvisLN Model",Non-inferiority in plan quality (both OAR sparing and target coverage) compared to conventional planning,"Disclosed: age, race/ethnicity / Not reported: sex/gender, comorbidities",Not reported,"No — the study relates to prostate and pelvisLN models, which are not specific to women's health"
K251656,Careverse CoronaryDoc (Careverse CoronaryDoc),Careverse Technology Pte. Ltd.,Radiology,09/04/2025,Yes,Not reported,Not reported,Not reported,Not reported,Not reported,"Disclosed: None / Not reported: age, sex/gender, race/ethnicity, comorbidities","Yes, metrics with CIs: stenosis performance agreement percentages","No — the device relates to cardiac CT data analysis for coronary plaques and stenosis, which is not specific to women's health."
K252539,Tempus Pixel,"Arterys, Inc.",Radiology,09/03/2025,Yes,Not reported,Not reported,Not reported,Not reported,"Predicate device. ""The device performs as intended and has performance characteristics that are substantially equivalent to the Arterys MICA predicate device cleared per K203744.""","Disclosed: [] / Not reported: [age, sex/gender, race/ethnicity, comorbidities]",Not reported,"No — The device relates to imaging software for parametric mapping, not specifically to women's health."
K251408,OsteoSight Hip (v1),Naitive Technologies Ltd,Radiology,09/02/2025,Yes,3082,Same as patients,N/A — one observation per patient,"Yes, six independent cohorts from the US (including the Midwest, Northeast, South, and West)","sensitivity and specificity of the device with the accepted gold standard, Dual-Energy X-ray Absorptiometry (DXA)","Disclosed: age, sex/gender, BMI, race / Not reported: comorbidities","Yes, sensitivity and specificity have CIs","Yes, the study involves bone mineral density, which is a significant concern in women's health, particularly post-menopausal women."
K250753,VELMENI for DENTISTS (V4D),Velmeni Inc.,Radiology,09/02/2025,Yes,Not reported,Not reported,Not reported,Not reported,Predicate device,"Not reported: age, sex/gender, race/ethnicity, comorbidities",Not reported,"No — the device is intended for dental radiograph analysis, which is not specific to women's health."
K251106,Sonosite LX and Sonosite PX Ultrasound Systems,Fujifilm Sonosite Inc,Radiology,08/29/2025,Yes,292,584 clips,Yes — pseudoreplication risk (multiple observations per patient treated as independent),"Yes, 3 hospitals within the United States",No comparator,"Disclosed: None / Not reported: age, sex/gender, race/ethnicity, comorbidities","Yes, metrics with CIs: Vessel Precision, Vessel Recall, Vessel Classification for Veins, Vessel Classification for Arteries, Average Depth Error, Average Diameter Error","No — the study relates to ultrasound systems for general vascular imaging, not specifically women's health"
K250003,GENESEEQPRIME NGS Tumor Profiling Assay (FFPE) (GS6005),Geneseeq Technology Inc.,Pathology,08/29/2025,Yes,28 clinical specimens,503 samples; 27 clinical samples per run; 21 FFPE clinical samples; 10 FFPE samples; 126 samples; 168 DNA samples,N/A — one observation per patient,"Yes, samples originated from multiple sites","Concordance of variant calls, translocation and ERBB2 detection, microsatellite status, and TMB were compared between appropriate comparator methods and GENESEEQPRIME.","Disclosed: None / Not reported: age, sex/gender, race/ethnicity, comorbidities","Yes, metrics with CIs include PPA, NPA, and OPA for various gene translocations and MSI status.","No — the document does not mention women's health, pregnancy, gynecology, breast health, obstetrics, or conditions that predominantly or disproportionately affect women."
K250290,SurgiTwin,Twinsight,Radiology,08/29/2025,Yes,Not reported,Not reported,Not reported,"Yes, datasets from multiple sites",Comparison of the performance of the segmentation ML model against the predefined ground truth met the acceptance criteria for the model performance.,"Disclosed: age, sex/gender / Not reported: race/ethnicity, comorbidities",Not reported,"No — The device is related to pre-operative planning for knee reconstruction procedures, which is not specific to women's health."
K243859,PRAEVAorta®2,Nurea,Radiology,08/29/2025,Yes,159,Same as patients,N/A — one observation per patient,"Yes, 3 sites: United States, France, Canada",manual measurements performed by qualified medical professionals (Ground Truth),"Disclosed: sex, aneurysm type / Not reported: age, race/ethnicity, comorbidities","Yes, metrics with CIs: mean absolute error, mean difference (bias)","No, the study relates to aortic measurements which are not specific to women's health"
K250788,Definium Tempo Select,"GE Hualun Medical Systems Co., Ltd",Radiology,08/28/2025,Yes,Not reported,Not reported,Not reported,"Yes, locations in the US, Europe, and Asia",Predicate device: Discovery XR656 HD with VolumeRad (K191699),"Not reported: age, sex/gender, race/ethnicity, comorbidities",Not reported,No — The device is intended for general radiographic imaging and explicitly states it is not intended for mammographic applications.
K243687,Vital Signs,Oxehealth Limited,Cardiovascular,08/27/2025,Yes,30,Same as patients,N/A — one observation per patient,Not reported,"The capnogram output was manually-annotated by a physician blinded to both device outputs, which is the accepted gold standard for respiratory rate validation.","Disclosed: age, sex / Not reported: race/ethnicity, comorbidities","Yes, all performance metrics have 95% CI",No — the device is for general vital sign monitoring and not specific to women's health.
K251983,Brainomix 360 Triage Stroke,Brainomix Limited,Radiology,08/26/2025,Yes,ICH Standalone: 341; LVO and ICH Standalone: 267,Same as patients,N/A — one observation per patient,Not reported,Truthing was conducted by consensus of three experienced US board certified neuroradiologists.,"Disclosed: age, sex/gender / Not reported: race/ethnicity, comorbidities","Yes, sensitivity and specificity for ICH and LVO detection have CIs.","No — the device relates to stroke detection, which is not specific to women's health."
K252362,GBrain MRI,"Galileo CDS, Inc",Radiology,08/22/2025,Yes,Validation: 131,Same as patients,N/A — one observation per patient,"Yes, 4 sites: Alabama, Florida, Kentucky, California",Simultaneous Truth and Performance Level Estimation (STAPLE) algorithm generated consensus of three expert-labeled segmentations,"Disclosed: age, sex/gender, race/ethnicity / Not reported: comorbidities","Yes, metrics with CIs: R2, DICE",No — The device is intended for analyzing brain MRI images and does not specifically relate to women's health.
K243685,MammoScreen BD,Therapixel,Radiology,08/22/2025,Yes,"Training: 32,368; Hologic: 922; GE: 500","Training: 108,775 studies; Hologic: 1,155 studies; GE: 500 studies",Yes — pseudoreplication risk (multiple observations per patient treated as independent),"Yes, 2 different US sites for training data",The reference standard for breast density value was established by majority rule among the assessment of 5 breast radiologists with at least 10 years of experience in breast imaging interpretation.,"Disclosed: age, race/ethnicity / Not reported: sex/gender, comorbidities","Yes, Kappa quadratic for Hologic and GE","Yes, the device is intended for breast density assessment in women undergoing screening mammography"
K251029,"Vista OS, Vista AI Scan, RTHawk","Vista AI, Inc.",Radiology,08/21/2025,Yes,Motion Artifacts: 120; Cardiac Waveforms: 100; Cardiac Image Denoising: 209; Brain Localizer: 323,209 cardiac image series; 323 brain image localizations; 329 prostate image localizations; 42 VENC peak estimates,N/A — one observation per patient,"Yes, multiple clinical sites",The clinical performance of Vista OS has been adequately verified to meet the requirements for its intended use and demonstrates substantial equivalence to the predicate device.,"Disclosed: age, sex/gender / Not reported: race/ethnicity, comorbidities",Not reported,"No — the study involves cardiac, brain, and prostate imaging, which are not specific to women's health."
K251590,Methinks CTA Stroke,Methinks Software S.L.,Radiology,08/20/2025,Yes,Male: 53; Female: 57; < 50 years: 8; 50 - 70 years: 40; > 70 years: 61,Same as patients,N/A — one observation per patient,"Yes, multicenter, multinational study",Ground truthing was established by two US board certified neuroradiologists and a third ground truther in case of disagreement.,"Disclosed: age, sex/gender / Not reported: race/ethnicity, comorbidities","Yes, metrics with CIs: Sensitivity, Specificity","No — the study relates to stroke detection, which is not specific to women's health"
K251837,Salix Coronary Plaque (V1.0.0),Artrya Limited,Radiology,08/20/2025,Yes,103,Same as patients,N/A — one observation per patient,"Yes, 7 sites in the U.S. (Wisconsin, New York, Arizona, Alabama)",expert ground-truth,"Disclosed: age, sex/gender, race/ethnicity / Not reported: comorbidities","Yes, metrics with CIs: Percentage within one CAD-RADS category, ICC for Total plaque, Calcified plaque, Noncalcified plaque, Low attenuating plaque, Calcium Scoring, Centerline Extraction, Vessel Labelling, Lumen Wall Segmentation, Vessel Wall Segmentation","No, the study relates to coronary plaque assessment which is not specific to women's health."
K251481,ACUSON Sequoia Diagnostic Ultrasound System; ACUSON Sequoia Select Diagnostic Ultrasound System; ACUSON Origin Diagnostic Ultrasound System; ACUSON Origin ICE Diagnostic Ultrasound System,"Siemens Medical Solutions USA, Inc.",Radiology,08/20/2025,Yes,Not reported,Not reported,Not reported,Not reported,Not reported,"Not reported: age, sex/gender, race/ethnicity, comorbidities",Not reported,"Yes — the device is intended for OB/GYN applications, including visualization of the ovaries, follicles, uterus, and other pelvic structures."
K251747,VEA Align; spineEOS,EOS imaging,Radiology,08/15/2025,Yes,"Training: 5,188; Test: 361","Training: 10,376 X-ray images; Test: Same as patients",N/A — one observation per patient,Not reported,A ground truth EOS 3DServices reconstruction (model) from sterEOS (K172346) that was available for comparison with VEA Align reconstruction generated by the AI algorithm.,"Disclosed: age, sex/gender / Not reported: race/ethnicity, comorbidities",Not reported,"No — the study relates to spine surgeries and conditions such as scoliosis and degenerative spine disease, which are not specific to women's health."
K250818,Nerveblox,Smart Alfa Teknoloji San. Ve Tic. A.S.,Anesthesiology,08/15/2025,Yes,40,80 ultrasound scans,Yes — pseudoreplication risk (multiple observations per patient treated as independent),"Yes, 3 sites: New York, Houston, and Cleveland",Expert evaluations by U.S. board-certified anesthesiologists,"Disclosed: age, BMI / Not reported: sex/gender, race/ethnicity, comorbidities",Not reported,"No — the study relates to ultrasound-guided regional anesthesia, which is not specific to women's health."
K243851,CHLOE BLAST,Fairtility Ltd.,Obstetrics and Gynecology,08/15/2025,Yes,703 embryos from 59 mothers,703 embryos,Yes — pseudoreplication risk (multiple observations per patient treated as independent),"Yes, 3 sites in the United States","The study evaluated the performance of the CHLOE BLAST algorithm (Odds Ratio and other measures) in the prediction of blastocyst formation using embryo assessment conducted based on Day 3 morphology alone, and on Day 3 morphology with CHLOE score as adjunct information.","Disclosed: age, BMI / Not reported: sex/gender, race/ethnicity, comorbidities","Yes, metrics with CIs: AUC of the overall performance of the Blast prediction","Yes, the study relates to assisted reproduction and embryo assessment, which are relevant to women's health."
K250755,DS Core Diagnosis,Dentsply Sirona Inc.,Radiology,08/12/2025,Yes,Not reported,100 scans,Not reported,Not reported,Predicate device,"Not reported: age, sex/gender, race/ethnicity, comorbidities","Yes, for panoramic curve proposal success rate (PCPSR)","No — relates to dental imaging software, not specific to women's health"
K251494,Eko Foundation Analysis Software with Transformers (EFAST),"Eko Health, Inc.",Cardiovascular,08/12/2025,Yes,Structural Murmur Classification: 615; ECG Rhythm Classification: 314,"Structural Murmur Classification: 2,460 heart sound recordings; ECG Rhythm Classification: 1,256 ECG recordings",Yes — pseudoreplication risk (multiple observations per patient treated as independent),"Yes, 3 sites (2 in US, 1 in Canada) for Structural Murmur Classification; 2 sites in US for ECG Rhythm Classification",A comparative analysis of the ECG Rhythm classification algorithm relative to the predicate device (EAS - K192004),"Disclosed: age, sex/gender, race/ethnicity / Not reported: comorbidities","Yes, metrics with CIs: Sensitivity, Specificity, Positive Predictive Values (PPVs)","No — the study relates to ECG Rhythm Classification and Atrial Fibrillation detection, which are not specific to women's health."
K251873,Saige-Dx,"DeepHealth, Inc.",Radiology,08/11/2025,Yes,"Training: 161,323; Test: 2,002","300,439 studies",Yes — pseudoreplication risk (multiple observations per patient treated as independent),"Yes, 12 sites in the United States",Predicate device,"Disclosed: age, sex/gender, race/ethnicity / Not reported: comorbidities",Not reported,"Yes, the device is intended for use on women undergoing screening mammography."
K251629,UNiD Spine Analyzer,Medicrea International S.A.S. (Medtronic),Radiology,08/07/2025,Yes,Training: 776; Test: 274,Not reported,N/A — one observation per patient,Not reported,Non-inferiority of the subject device vs the predicate device was evaluated: one-tailed paired T-tests for non-inferiority were performed between the MAEs obtained with the subject device and the ones obtained with the predicate device.,"Disclosed: age, sex/gender / Not reported: race/ethnicity, comorbidities",Not reported,"No — the device is related to spine surgery planning, which is not specific to women's health."
K250569,Cardiologs Holter Platform,Philips France Commercial,Cardiovascular,08/06/2025,Yes,Not reported,Not reported,Not reported,Not reported,predicate devices,"Not reported: age, sex/gender, race/ethnicity, comorbidities",Not reported,"No — the device is intended for arrhythmia assessment using ECG data, which is not specific to women's health."
K250246,uMR Jupiter,"Shanghai United Imaging Healthcare Co., Ltd.",Radiology,08/05/2025,Yes,WFI Training: 59; WFI Test: 28; t-ACS Training/Validation/Test: 76; t-ACS Test: 35; DeepRecon Training: 317; DeepRecon Test: 20; EasyFACT Test: 5; EasyScan Test: 18; EasyScan Validation: 8; EasyCrop Validation: 5,WFI Training: 2604 cases; DeepRecon Test: 2216 cases; EasyScan Test: 30 cases; EasyScan Validation: 40 cases,Yes — pseudoreplication risk (multiple observations per patient treated as independent). Example: 'The training dataset for WFI AI module was collected from 59 volunteers... resulted in 2604 cases.',Not reported,"Radiologist reads, predicate device. 'Sample clinical images for all clinical sequences, coils and imaging processing were reviewed by U.S. board-certified radiologist comparing the proposed device and predicate device.'","Disclosed: age, sex/gender, race/ethnicity, BMI / Not reported: comorbidities",Not reported,"No — the study does not specifically relate to women's health, pregnancy, gynecology, breast health, obstetrics, or conditions that predominantly or disproportionately affect women."
K250941,Revolution Vibe,"GE Medical Systems, LLC",Radiology,08/01/2025,Yes,30,Same as patients,N/A — one observation per patient,Not reported,Not reported,"Not reported: age, sex/gender, race/ethnicity, comorbidities",Not reported,"No — the device is a general-purpose CT system for various applications including cardiac and lung cancer screening, not specific to women's health."
K243341,Genius AI Detection 2.0,"Hologic, Inc.",Radiology,07/31/2025,Yes,1475,Same as patients,N/A — one observation per patient,"Yes, 15 locations at a national multi-center breast imaging network",The detection performance of the GAID 2.0 algorithm on ENV images can be considered as equivalent to its performance on SOC images.,"Disclosed: age, sex/gender, race/ethnicity / Not reported: comorbidities","Yes, sensitivity and specificity","Yes, the device is intended for use in digital breast tomosynthesis exams, which are specific to breast health."
K250738,YSIO X.pree,Siemens Medical Solutions,Radiology,07/31/2025,Yes,Not reported,Not reported,Not reported,"Yes, 2 sites: Universitätsklinikum Augsburg in Augsburg, Germany, and Klinikum rechts der Isar, Technische Universität München in Munich, Germany",Predicate device,"Disclosed: None / Not reported: age, sex/gender, race/ethnicity, comorbidities",Not reported,"No — the device relates to general radiographic imaging, not specifically to women's health"
DEN240068,ArteraAI Prostate,Artera Inc.,Pathology,07/31/2025,Yes,Training: Not reported; Test: 886,Same as patients,N/A — one observation per patient,"Yes, 3 sites in the United States",No comparator,"Disclosed: age, race/ethnicity / Not reported: sex/gender, comorbidities",Not reported,"No — the device is intended for prostate cancer, which affects males"
K243919,Voxel Dosimetry (00859873006226),Hermes Medical Solutions AB,Radiology,07/30/2025,Yes,Not reported,Not reported,Not reported,Not reported,Not reported,"Disclosed: age, sex/gender / Not reported: race/ethnicity, comorbidities",Not reported,No — The device is intended for patients of any age and gender undergoing radionuclide therapy.
K250652,ECG-AI Low Ejection Fraction (LEF) 12-Lead algorithm (1010),"Anumana, Inc.",Cardiovascular,07/28/2025,Yes,Not reported,Not reported,Not reported,Not reported,Not reported,"Not reported: age, sex/gender, race/ethnicity, comorbidities",Not reported,Yes — includes postpartum women in the intended use population
K251322,Venue; Venue Go; Venue Fit; Venue Sprint,"GE Medical Systems Ultrasound and Primary care Diagnostics,",Radiology,07/25/2025,Yes,Training/Validation: 395; Verification: 101,"Training/Validation: 6,518 images; Verification: 1,874 images",Yes — pseudoreplication risk (multiple observations per patient treated as independent). Each individual was scanned in two views: Transverse and Longitudinal.,Not reported,No comparator,"Disclosed: age, sex/gender, ethnicity/country, BMI / Not reported: race/ethnicity, comorbidities","Yes, Automatic caliper placement success rate: 95.09% with a 95% confidence level","Yes, the device includes applications for gynecology and obstetrics (GYN and Urology, Fetal/OB)."
K251455,EPIQ Series Diagnostic Ultrasound System; Affiniti Series Diagnostic Ultrasound System,Philips Ultrasound LLC,Radiology,07/24/2025,Yes,Initial cohort: 60; Evaluable: 46,Same as patients,N/A — one observation per patient,"Yes, 2 sites (one outside USA, one in USA)",The automated EF results from processing manually selected contrast clips served as ground truth.,"Disclosed: age, sex/gender, race/ethnicity / Not reported: comorbidities","Yes, metrics with CIs: Pearson's correlation coefficient","Yes — The device is indicated for use in Fetal/Obstetric and Gynecological imaging, which relates to women's health."
K243681,Neuro Insight V1.0,Olea Medical S.A.S.,Radiology,07/23/2025,Yes,30; 60,Same as patients,N/A — one observation per patient,Not reported,"Neuro Insight V1.0 was quantitatively and qualitatively compared to Olea Sphere® V3.0 software (Olea Medical®, FDA-cleared - K152602), identified as the predicate device.","Disclosed: sex/gender, age / Not reported: race/ethnicity, comorbidities",Not reported,"No — The device is intended for neurological MRI image analysis, which is not specific to women's health."
K250901,"Vantage Fortian/Orian 1.5T, MRT-1550, V10.0 with AiCE Reconstruction Processing Unit for MR",Canon Medical Systems Corporation,Radiology,07/22/2025,Yes,Training: Not reported; Test: 75,399 scans,Yes — pseudoreplication risk (multiple observations per patient treated as independent),"Yes, 2 sites in USA and Japan","Using the conventional method (i.e., matrix expansion with Fine Reconstruction and processing with typical clinical filter) as a reference","Not reported: age, sex/gender, race/ethnicity, comorbidities",No,No — the study relates to a general image post-processing algorithm not specific to women's health
K250686,GyriCalc (Version 1.0.0),NeuroSpectrum Insights Corp.,Radiology,07/22/2025,Yes,82,Same as patients,N/A — one observation per patient,"Yes, 2 sites: U.S. and Brazil",No comparator,"Disclosed: [] / Not reported: [age, sex/gender, race/ethnicity, comorbidities]","Yes, metrics with CIs: Mean Absolute Volume Error, Mean Absolute Surface Area Error, Mean Absolute Gyrification Index Error","No — The device is intended for brain structure analysis in children aged 24 to 36 months, not specifically related to women's health."
K250902,HeartFlow Analysis,"HeartFlow, Inc.",Cardiovascular,07/18/2025,Yes,Validation: 100,"60,555 unique ground truth areas (583 unique lesions)",Yes — pseudoreplication risk (multiple observations per patient treated as independent),"Yes, 67 different institutions across the United States",Heartflow Analysis (subject) plaque algorithm’s plaque localization sensitivity superiority compared to Heartflow Analysis (predicate) plaque algorithm,"Disclosed: age, sex/gender / Not reported: race/ethnicity, comorbidities","No, metrics reported without confidence intervals","No, the study relates to coronary plaque detection which is not specific to women's health"
K250999,V8 Diagnostic Ultrasound System; cV8 Diagnostic Ultrasound System; V7 Diagnostic Ultrasound System; cV7 Diagnostic Ultrasound System; V6 Diagnostic Ultrasound System; cV6 Diagnostic Ultrasound System; V5 Diagnostic Ultrasound System; cV5 Diagnostic Ultrasound System; V4 Diagnostic Ultrasound System; cV4 Diagnostic Ultrasound System,"Samsung Medison Co., Ltd.",Radiology,07/18/2025,Yes,BiometryAssist: 52; ViewAssist: 102; HeartAssist: 70; EzNerveMeasure: 20,BiometryAssist: 320 images; ViewAssist: 680 images; HeartAssist: 280 images; EzNerveMeasure: 200 images,Yes — pseudoreplication risk (multiple observations per patient treated as independent),"Yes, 2 sites: South Korea and United States",No comparator,"Disclosed: sex/gender, age, BMI, ethnicity/country / Not reported: race, comorbidities","Yes, for EzNerveMeasure: FR and CSA error rates",Yes — The device includes clinical applications for Fetal/Obstetrics and Gynecology.
K243547,uMR Ultra,"Shanghai United Imaging Healthcare Co., Ltd.",Radiology,07/17/2025,Yes,Training: 108; Validation: 60; AiCo Training: 114; AiCo Test: 24; SparkCo Training: 10; SparkCo Test: 15; ImageGuard Test: 80; EasyCrop Test: 65; EasyFACT Test: 25; Auto TI Scout Test: 27; Inline MOCO Test: 60,"AiCo Training: 140,000 images; AiCo Test: 218 samples; SparkCo Training: 24,866 spark slices; SparkCo Test: 59 cases; ImageGuard Test: 191 cases","Yes — pseudoreplication risk (multiple observations per patient treated as independent). Each volunteer was scanned by UIH MRI systems for multiple body parts and clinical protocols, resulting in a total of 140,000 images.","Yes, various clinical sites (specific sites not named)",Comparing the proposed device and predicate device. 'Sample clinical images for all clinical sequences and coils were reviewed by three U.S. board-certified radiologists comparing the proposed device and predicate device.',"Disclosed: age, sex/gender, race/ethnicity, BMI / Not reported: comorbidities","Yes, Bland-Altman analysis showed less than 1% bias and all sample points fall in the 95% confidence interval.",No — The study involves general MRI imaging techniques and does not specifically relate to women's health.
K251839,uMI Panvivo (uMI Panvivo); uMI Panvivo (uMI Panvivo S),"Shanghai United Imaging Healthcare Co., Ltd.",Radiology,07/17/2025,Yes,DeepRecon.PET: 20; uExcel DPR: 19; OncoFocus: 50; DeepMAC: 20,Same as patients,N/A — one observation per patient,"Yes, various clinical sites",DeepRecon.PET: OSEM with Gaussian filtering; uExcel DPR: OSEM algorithm; OncoFocus: no motion correction images; DeepMAC: control image before DeepMAC,"Disclosed: age, sex/gender, race/ethnicity, BMI / Not reported: comorbidities",Not reported,No — The device is a PET/CT system intended for general anatomical and functional imaging across various clinical areas.
K243397,uMR 680,"Shanghai United Imaging Healthcare Co., Ltd.",Radiology,07/16/2025,Yes,Training: 35; Test: 15; Validation: 56; Inline ECV: 28; Inline MOCO: 60,"Training: 1,262,912 samples; Test: 1724 samples; SparkCo: 24,866 spark slices; Inline ED/ES: 95 cases; Inline MOCO: 287 cases","Yes — pseudoreplication risk (multiple observations per patient treated as independent). Note: One patient may have multiple cases, because of the differences in slice location.",Not reported,The proposed device algorithm has good generalization in different subgroups.,"Disclosed: age, sex/gender, ethnicity, BMI, disease conditions / Not reported: comorbidities","Yes, Bland-Altman analysis of image intensities acquired using fully sampled and ACS was shown with less than 1% bias and all sample points falls in the 95% confidence interval.","No — the study does not specifically relate to women's health, pregnancy, gynecology, breast health, obstetrics, or conditions that predominantly or disproportionately affect women."
K251151,Rapid CTA 360,iSchemaView,Radiology,07/16/2025,Yes,"Training: 6,264",403 CTA cases,N/A — one observation per patient,"Yes, 133 sites (primarily US)",Ground truth established by 3 experts (2:3 concurrence),"Disclosed: age, sex/gender / Not reported: race/ethnicity, comorbidities","Yes, Sensitivity and Specificity have CIs","No — relates to neuro-occlusions in adult head images, not specific to women's health"
K251342,EchoPAC Software Only / EchoPAC Plug-in,GE Medical Systems Ultrasound and Primary Care Diagnostics,Radiology,07/16/2025,Yes,Tissue Doppler: 805; Doppler Trace: 1369,Tissue Doppler: 4106 recordings; Doppler Trace: 3390 recordings,Yes — pseudoreplication risk (multiple observations per patient treated as independent),"Yes, several locations in USA, Australia, France, Spain, Norway, Italy, Germany, Thailand, Philippines",No comparator,"Disclosed: age, sex/gender, ethnicity/country / Not reported: race, comorbidities",Not reported,"Yes, clinical applications include Fetal/Obstetrics and Gynecology"
K250119,Tempus ECG-Low EF,"Tempus AI, Inc.",Cardiovascular,07/15/2025,Yes,"Training: 930,689; Performance Study: 14,924",Same as patients,N/A — one observation per patient,"Yes, 4 geographically distinct US clinical sites",No comparator,"Disclosed: age, sex/gender, race/ethnicity / Not reported: comorbidities","Yes, sensitivity and specificity","No, the device relates to cardiovascular health, not specifically women's health."
K251096,PeekMed web,"Peek Health, S.A.",Radiology,07/14/2025,Yes,"Training: 2852 X-rays datasets, 1903 CT scans, 151 MRIs; External validation: Segmentation ML model: 402; Landmarking ML model: 367; Classification ML model: 347; Detection ML model: 198","2852 X-rays, 1903 CT scans, 151 MRIs",Not reported,"Yes, datasets from multiple sites",Comparison against the predefined ground truth,"Disclosed: age, sex/gender / Not reported: race/ethnicity, comorbidities",Not reported,"No — the device is for pre-operative planning for surgical procedures in the musculoskeletal system, not specific to women's health."
K250660,LUMINOS Q.namix T; LUMINOS Q.namix R,Siemens Medical Solutions,Radiology,07/14/2025,Yes,Not reported,Not reported,Not reported,"Yes, 4 sites: University Hospital Augsburg in Germany, Klinikum rechts der Isar Munich in Germany, Herz-Jesu-Krankenhaus Münster/Hiltrup in Germany, ZAS Jan Palfijn Hospital of Merksem in Belgium",No comparator,Not reported,Not reported,"No — The device is intended for general radiography and fluoroscopy examinations, not specifically related to women's health."
K251169,Vivid Pioneer,GE Medical Systems Ultrasound and Primary Care Diagnostics,Radiology,07/10/2025,Yes,Tissue Doppler: 805; Doppler Trace: 1369; AI FlexiViews LAA: 84,Tissue Doppler: 4106 recordings; Doppler Trace: 3390 recordings; AI FlexiViews LAA: 342 recordings,Yes — pseudoreplication risk (multiple observations per patient treated as independent),"Yes, several locations in USA, Australia, France, Spain, Norway, Italy, Germany, Thailand, Philippines","Manual Doppler measurements, reviewed by clinical experts, served as reference values for assessing the AI results.","Disclosed: age, sex/gender, ethnicity/country / Not reported: race, comorbidities","No, confidence intervals not reported for the primary performance metrics","No, the study relates to cardiac imaging and does not specifically address women's health issues."
K251766,TumorSight Viz,"SimBioSys, Inc.",Radiology,07/08/2025,Yes,192 cases (patients not specified),Training: 1156 samples; Validation: 267 samples,Yes — pseudoreplication risk (multiple observations per patient treated as independent),"Yes, Training: more than 15 sites; Validation: more than 8 sites","TumorSight Viz measurement outputs were compared directly to the predicate device output for 192 cases, and both sets of measurements were directly compared to radiologist measurements.","Disclosed: age, race/ethnicity / Not reported: sex/gender, comorbidities",No,"Yes, the device is intended for use in breast MRI studies for breast cancer patients."
K243884,TAVIPILOT,Caranx Medical,Radiology,07/07/2025,Yes,Not reported,Not reported,Not reported,"Yes, TAVIPILOT was deployed in different TAVI centers","The validation compared TAVIPILOTs detecting, tracking and marking accuracy to ground truth. Ground truth was performed by board certified experts with substantial experience with relevant clinical tasks.","Disclosed: gender, ethnicity / Not reported: age, race, comorbidities",No,"No — the device relates to interventional cardiology, specifically TAVI procedures, which are not specific to women's health."
K243679,MammoScreen® (4),Therapixel,Radiology,07/03/2025,Yes,"1,475","2,950 (each patient underwent a DBT acquisition with two Hologic mammography systems)",Yes — pseudoreplication risk (multiple observations per patient treated as independent),"Yes, number of sites not specified",The objective of these MRMC studies was to determine whether the radiologist's performance when using MammoScreen is superior to unaided radiologist performance for interpretation of mammograms.,"Disclosed: Race, Ethnicity / Not reported: Age, Sex/Gender, Comorbidities","Yes, metrics with CIs: AUC ROC (exam level), AUC ROC (breast level), AUC LROC (finding level)","Yes, the device is intended for use in interpreting mammograms, which are specific to breast health."
K251528,syngo.via MI Workflows; Scenium; syngo MBF,"Siemens Medical Solutions USA, Inc.",Radiology,07/03/2025,Yes,20 patients (test cohort for lung lobe segmentation); 20 patients (test data for PERCIST Liver Reference Region Placement),Not reported,N/A — one observation per patient,"Yes, data from clinical partners in Europe and USA",The algorithm was compared to the predicate device and semi-automatic evaluation by expert readers.,"Disclosed: age, sex / Not reported: race/ethnicity, comorbidities",Not reported,"No — the device is intended for general medical image management and processing, not specific to women's health."
K250221,StrokeSENS ASPECTS Software Application,Circle Cardiovascular Imaging Inc.,Radiology,07/01/2025,Yes,Standalone: 200; Clinical Validation: 100,Same as patients,N/A — one observation per patient,"Yes, 23 sites (Canada, United States)",StrokeSENS ASPECTS provides a comparative analysis to the ASPECTS standard of care radiologist assessment by providing highlighted ASPECTS regions and an automated editable ASPECTS score for clinician review.,"Disclosed: age, sex/gender / Not reported: race/ethnicity, comorbidities","Yes, metrics with CIs: AUC-ROC, accuracy, sensitivity, specificity","No — the device is related to brain tissue abnormalities and ischemic stroke, which are not conditions that predominantly or disproportionately affect women."
K243779,Bunkerhill Abdominal Aortic Quantification (AAQ),BunkerHill Health,Radiology,07/01/2025,Yes,258,Same as patients,N/A — one observation per patient,"Yes, 4 sites: North Carolina, Alabama, the greater Washington D.C area, and Sao Paulo, Brazil",Ground truth established by 3 U.S. Board Certified Radiologists,"Disclosed: age, sex/gender / Not reported: race/ethnicity, comorbidities","Yes, mean-absolute-error","No — relates to abdominal aortic measurements, not specific to women's health"
K250096,Felix NeuroAI  System,Fasikl Incorporated,Neurology,07/01/2025,Yes,Felix group: 83; Sham group: 42,Same as patients,N/A — one observation per patient,"Yes, 12 sites (8 in the US, 4 in China)",Felix was shown to be superior to sham in change in TETRAS mADL score from baseline pre-stimulation to 90 days.,"Disclosed: age, sex/gender, BMI, duration of essential tremor, prior treatment for ET, use of anti-tremor and antidepressant medications / Not reported: race/ethnicity, comorbidities","Yes, for TETRAS mADL score differences","No — the device is indicated for aiding tremor-related functional limitations in the upper limbs in adults with essential tremor, which is not specific to women's health."
K250484,PIUR tUS inside,PIUR Imaging GmbH,Radiology,06/30/2025,Yes,Not reported,Not reported,Not reported,Not reported,The ground truth to be established for performance studies of the device are annotated data sets labeled by medical specialists.,"Disclosed: [] / Not reported: [age, sex/gender, race/ethnicity, comorbidities]",Not reported,"No — The device is intended for the diagnostic workflow of thyroid and thyroid nodules, which is not specific to women's health."
K243647,Synapse PACS (7.5),FUJIFILM Healthcare Americas Corporation,Radiology,06/30/2025,Yes,72,Same as patients,N/A — one observation per patient,Not reported,"An initial bone mask was created by certified technologist, then subjected to an independent dual-reader consensus review: two U.S. board-certified radiologists independently evaluated the mask, recorded any discrepancies, and iteratively reconciled them until consensus was achieved.","Disclosed: age, sex/gender / Not reported: race/ethnicity, comorbidities","Yes, Dice Similarity Coefficient (DSC) and 95% Hausdorff Distance (HD)",No — the study relates to general medical imaging and not specifically to women's health.
K250670,EchoConfidence (USA),Mycardium AI Limited,Radiology,06/30/2025,Yes,Training: Not reported; Validation: 200,Not reported,N/A — one observation per patient,"No, single-site: US Echocardiography CoreLab",The primary acceptance criteria are based on a comparison of 'mean absolute error' (MAE) of the AI against the 3 human expert reads against the 'mean absolute error' of the 3 human experts against each other.,"Disclosed: age, sex/gender, race/ethnicity, comorbidities / Not reported: None","Yes, for the primary performance metrics: upper 95% confidence interval","No, the study relates to echocardiographic images for cardiac anatomy, structure, and function, which are not specific to women's health."
K250984,Maestro System (REF100),Moon Surgical,Gastroenterology-Urology,06/27/2025,Yes,Not reported,Not reported,Not reported,Not reported,Predicate Device,"Not reported: age, sex/gender, race/ethnicity, comorbidities",Not reported,"No — the device is intended for laparoscopic surgical procedures, which are not specific to women's health."
K243144,X100/X100HT with Full Field Peripheral Blood Smear (PBS) Application,"Scopio Labs , Ltd.",Hematology,06/27/2025,Yes,"1,200","1,200 slides",N/A — one observation per patient,"Yes, 3 sites (names not specified)",Not reported,"Not reported: age, sex/gender, race/ethnicity, comorbidities","Yes, metrics with CIs: RBC Color, RBC Inclusions, RBC Shape, RBC Size, PLT Clumping","No — the device relates to blood smear analysis, which is not specific to women's health"
K250268,HyperSnap Surgical System (HSS),Hypervision Surgical,Gastroenterology-Urology,06/24/2025,Yes,Not reported,Not reported,Not reported,Not reported,Not reported,"Disclosed: None / Not reported: age, sex/gender, race/ethnicity, comorbidities",Not reported,"No — the document does not mention any relation to women's health, pregnancy, gynecology, breast health, obstetrics, or conditions that predominantly or disproportionately affect women."
K250877,TMINI Miniature Robotic System,"THINK Surgical, Inc.",Neurology,06/20/2025,Yes,Not reported,Not reported,Not reported,Not reported,Predicate device,"Disclosed: None / Not reported: age, sex/gender, race/ethnicity, comorbidities",Not reported,"No — The device is related to orthopedic procedures, specifically total knee replacement surgery, which is not specific to women's health."
K250151,Us2.ca,Eko.Ai Pte Ltd. D/B/A Us2.Ai,Cardiovascular,06/20/2025,Yes,"Training: 4,371; Test: 1,647",Same as patients,N/A — one observation per patient,"Yes, 4 sites: Center 1, Center 2, Center 3, Center 4",The benchmark used in deriving the acceptance criteria of Us2.ca was made with reference to current standards of care and existing relevant publications.,"Disclosed: age, sex/gender, race/ethnicity / Not reported: comorbidities","Yes, metrics with CIs: sensitivity, specificity","No — the study relates to cardiac amyloidosis, which affects both men and women."
K250515,EpiMonitor,Empatica  Srl,Neurology,06/19/2025,Yes,"Epilepsy Monitoring Units: 12 (age 6-21), 12 (>21); Real-world data: 601 (age 6-21), 843 (>21)","Epilepsy Monitoring Units: 19 GTCS (age 6-21), 17 GTCS (>21); Real-world data: 1157 GTCS (age 6-21), 3625 GTCS (>21)",Yes — pseudoreplication risk (multiple observations per patient treated as independent),Not reported,Predicate device Embrace,"Disclosed: age / Not reported: sex/gender, race/ethnicity, comorbidities","Yes, for Positive Percentage Agreement (PPA) and False Alarm Rate (FAR)","No — the study relates to seizure detection, which is not specific to women's health."
K250886,EPIQ Series Diagnostic Ultrasound Systems; Affiniti Series Diagnostic Ultrasound Systems,Philips Ultrasound LLC,Radiology,06/18/2025,Yes,71,Same as patients,N/A — one observation per patient,Not reported,"Performance testing has demonstrated very strong correlation between the LV analysis outputs (EF, GLS) from clips selected by the subject SVS software application and clips manually selected by clinical users.","Disclosed: age, sex/gender, race/ethnicity / Not reported: comorbidities","Yes, metrics with CIs: EF, GLS","Yes — The device is indicated for use in Fetal/Obstetric and Gynecological imaging, which relates to women's health."
K243253,6600 Ultrasound System (MyLabA50); 6600 Ultrasound System (MyLabA70),Esaote S.p.A.,Radiology,06/18/2025,Yes,Not reported,Not reported,Not reported,Not reported,Not reported,"Not reported: age, sex/gender, race/ethnicity, comorbidities",Not reported,Yes — the device is indicated for use in OB/Fetal and Gynecology imaging.
K243672,CardIQ Suite,GE Medical Systems SCS,Radiology,06/18/2025,Yes,Not reported,111 CT exams; 94 CT exams,Not reported,Not reported,comparing its estimated diameters to those from the reference device CardIQ Xpress 2.0 (K073138),"Disclosed: None / Not reported: age, sex/gender, race/ethnicity, comorbidities",No,"No — The device is related to cardiovascular analysis, which is not specific to women's health."
K250440,"RT Elements  (4.5); (Elements) Multiple Brain Mets SRS; (Elements) Cranial SRS; (Elements) Spine SRS; (Elements) Cranial SRS w/ Cones; (Elements) RT Planning Platform; (Elements) Dose Review; (Elements) Retreatment Review; Elements Segmentation [Cranial , Basal Ganglia, Head & Neck, Pelvic, Spine, Thoracic & Spine, Extracranial] RT; Elements AI Tumor Segmentation RT; Elements SmartBrush [Angio, Spine] RT; Elements Object Management RT",Brainlab AG,Radiology,06/17/2025,Yes,412,"595 scans, 1878 annotations",Yes — pseudoreplication risk (multiple observations per patient treated as independent),"Yes, multiple clinical sites in the US and Europe",comparison to ground-truth annotations,"Disclosed: None / Not reported: age, sex/gender, race/ethnicity, comorbidities","Yes, metrics with CIs: Dice, Precision, Recall","No — the device is intended for radiation treatment planning for cranial, head and neck, and extracranial lesions, which are not specific to women's health."
K250436,MAGNETOM Flow.Ace; MAGNETOM Flow.Plus,"Siemens Shenzhen Magnetic Resonance , Ltd.",Radiology,06/16/2025,Yes,32; 44,Not reported,N/A — one observation per patient,Not reported,"No clinical tests were conducted to support substantial equivalence for the subject devices; however, as stated above, sample clinical images were provided.","Not reported: age, sex/gender, race/ethnicity, comorbidities",Not reported,"No — the study relates to cardiac MRI and general MRI technology, not specifically to women's health."
K250443,MAGNETOM Avanto Fit; MAGNETOM Skyra Fit; MAGNETOM Sola Fit; MAGNETOM Viato.Mobile,Siemens Healthcare GmbH,Radiology,06/16/2025,Yes,Not reported,Not reported,Not reported,Not reported,"No clinical tests were conducted to support substantial equivalence for the subject devices; however, as stated above, sample clinical images were provided.","Disclosed: [] / Not reported: [age, sex/gender, race/ethnicity, comorbidities]",Not reported,"No — The document does not mention any specific relation to women's health, pregnancy, gynecology, breast health, obstetrics, or conditions that predominantly or disproportionately affect women."
K250685,Methinks NCCT Stroke,Methinks Software S.L.,Radiology,06/16/2025,Yes,ICH: 358; LVO: 335,Same as patients,N/A — one observation per patient,"Yes, multicenter, multinational study",In this subgroup where we can compare our algorithm with them the results were: Table 15. Performance of the Methinks NCCT-LVO and Radiologists in the LVO without ischemia subgroup.,"Disclosed: age, sex/gender / Not reported: race/ethnicity, comorbidities","Yes, metrics with CIs: Sensitivity and Specificity for ICH and LVO","No — the study relates to stroke detection, which is not specific to women's health."
K240795,Withings ECG App,Withings,Cardiovascular,06/15/2025,Yes,"Training: 11,701; Test: 5089; Clinical Trial: 626",Same as patients,N/A — one observation per patient,"Yes, multi-center clinical trial",Rhythm classification of a 12-lead ECG by a cardiologist was compared to the rhythm classification of a simultaneously collected ECG from the Withings ECG App.,"Disclosed: age, sex/gender, comorbidities / Not reported: race/ethnicity","No, confidence intervals not reported for sensitivity and specificity metrics",No — The device is an ECG app intended for general use in detecting atrial fibrillation and is not specific to women's health.
K243633,Brainlab Elements (7.0); Brainlab Elements Image Fusion (5.0); Brainlab Elements Image Fusion Angio (1.0); Brainlab Elements Contouring (5.0); Brainlab Elements Fibertracking (3.0); Brainlab Elements BOLD MRI Mapping (1.0),Brainlab AG,Radiology,06/13/2025,Yes,412,"595 scans, 1878 annotations","No — dependence correctly handled (e.g. mixed models, per-patient aggregation, clustered standard errors)","Yes, multiple clinical sites in the US and Europe",comparison to ground-truth annotations,"Disclosed: sex/gender, race/ethnicity / Not reported: age, comorbidities","Yes, Dice, Recall, and Precision","No — The device and study relate to medical image management and processing, which is not specific to women's health."
K243234,Second Opinion® CS,Pearl Inc.,Radiology,06/12/2025,Yes,Standalone: 1250; MRMC: 330,Standalone: 1250 radiograph images; MRMC: 330 radiographs,Yes — pseudoreplication risk (multiple observations per patient treated as independent),"Yes, multiple geographical regions in the United States","Standalone CAD performance compared to unaided readers and equivalence to the predicate, Overjet Caries Assist (K222746).","Disclosed: age, sex/gender / Not reported: race/ethnicity, comorbidities","Yes, metrics with CIs: wAFROC-FOM difference, lesion-level sensitivity, false positives per image (FPPI), surface-level specificity","No — the study relates to caries detection in dental radiographs, which is not specific to women's health."
K251153,Aurora,GE Medical Systems Israel,Radiology,06/12/2025,Yes,70,70 planar NM renal studies,N/A — one observation per patient,"Yes, 3 sites (2 hospitals in the United States and 1 hospital in Europe)",No comparator,"Not reported: age, sex/gender, race/ethnicity, comorbidities",Not reported,"No — the device is intended for general Nuclear Medicine imaging procedures, including cardiovascular disease, neurological disorders, and cancer, without specific focus on women's health."
K250354,"Viz Subdural+, Viz SUBDURAL PLUS","Viz.ai, Inc.",Radiology,06/10/2025,Yes,"Subdural collection measurement performance (volume and thickness) and midline shift were assessed on datasets with 203 and 151 cases, respectively.",Not reported,N/A — one observation per patient,"Yes, two clinical sites","Device results for subdural collection volume, widest width and midline shift were also compared to the truther consensus by Bland-Altman plots and linear regression analysis.","Not reported: age, sex/gender, race/ethnicity, comorbidities","Yes, Mean Absolute Error (MAE) and DICE Score have 95% Confidence Intervals","No — the device is intended for automatic labeling, visualization and quantification of collections in the subdural space from Non-Contrast Head CT images, which is not specific to women's health."
K251009,Cirrus Resting State fMRI Software,"Sora Neuroscience, Inc.",Radiology,06/06/2025,Yes,Training: 48; Test: 692,Same as patients,N/A — one observation per patient,"Yes, 8 geographically diverse sites",Cirrus SMN and LAN maps to corresponding resting state network maps evaluated in the published literature,"Disclosed: sex/gender / Not reported: age, race/ethnicity, comorbidities",Not reported,"No — the study relates to resting state fMRI analysis, not specific to women's health"
K242737,Empatica Health Monitoring Platform; EmbracePlus; Empatica Care; Care Portal,Empatica S.R.L.,Cardiovascular,06/06/2025,Yes,Not reported,Not reported,Not reported,Not reported,No additional clinical data or documentation has been attached to these 510(k) submissions.,"Not reported: age, sex/gender, race/ethnicity, comorbidities",Not reported,"No — the device is intended for monitoring physiological parameters in ambulatory adults, not specifically related to women's health."
K251456,BrightHeart View Classifier,BrightHeart,Radiology,06/05/2025,Yes,579 fetal ultrasound examinations,2290 clinically acquired images and frames from video clips,Yes — pseudoreplication risk (multiple observations per patient treated as independent). The device performance for standard view classification was validated with a dataset of 2290 clinically acquired images and frames from video clips from 579 fetal ultrasound examinations.,"Yes, 8 centers",No comparator,"Disclosed: age, sex/gender, race/ethnicity / Not reported: comorbidities","Yes, mean standard view recognition sensitivity and specificity","Yes, relates to fetal ultrasound examinations during pregnancy"
K243667,Sonic DL,"GE Medical Systems, LLC",Radiology,06/05/2025,Yes,Patients: 54; Healthy Volunteers: 48,120 image series,Yes — pseudoreplication risk (multiple observations per patient treated as independent),"Yes, 7 sites (United States: 4, Outside of United States: 3)",ARC + HyperSense,"Disclosed: age, sex/gender / Not reported: race/ethnicity, comorbidities","Yes, metrics with CIs: Whole Brain Volume, Cerebral White Matter Volume, Cortical Gray Matter Volume, Ventricle Total Volume, HOC Average Occupancy","No, the study is related to general MR imaging across various anatomies"
K251397,"Ingenia, Ingenia CX, Ingenia Elition, Ingenia Ambition, BlueSeal, MR 5300 and MR 7700 MR System",Philips Medical Systems Nederland B.V.,Radiology,06/04/2025,Yes,Not reported,Not reported,Not reported,Not reported,Predicate device,"Not reported: age, sex/gender, race/ethnicity, comorbidities",Not reported,No — The device is a general diagnostic MR system not specific to women's health.
K243810,TraumaCad Neo (1.1),Brainlab Ltd.,Radiology,06/04/2025,Yes,Training: Not reported; Test: 186,Training: Not reported; Test: 349 original X-ray images,"Yes — pseudoreplication risk (multiple observations per patient treated as independent). 'The performance testing was based on a data pool containing 349 original X-ray images, which were used in the following way: For implant detection evaluation, used all 349 images from 186 patients; For landmark detection evaluation, used 184 images from 184 patients.'","Yes, multiple clinical sites",Not reported,"Disclosed: age, sex/gender / Not reported: race/ethnicity, comorbidities",Not reported,"No — the study relates to orthopedic conditions and surgical planning, not specifically to women's health."
K250749,PhysCade System,"PhysCade, Inc.",Cardiovascular,06/04/2025,Yes,Not reported,Not reported,Not reported,Not reported,Predicate device,"Not reported: age, sex/gender, race/ethnicity, comorbidities",Not reported,"No — relates to cardiac electrophysiological data analysis, not specific to women's health"
K243005,AudaxCeph Cephalogram Analysis Software,Audax d.o.o.,Radiology,05/30/2025,Yes,Not reported,Not reported,Not reported,Not reported,Predicate device,"Not reported: age, sex/gender, race/ethnicity, comorbidities",Not reported,"No — relates to dental imaging software, not specific to women's health"
K250236,Swoop® Portable MR Imaging® System (V2),"Hyperfine, Inc.",Radiology,05/30/2025,Yes,"Model/Sequence group: T1, T2, FLAIR: 40; Model/Sequence group: DWI: 29; Advanced Reconstruction Image Validation: 32; Contrast-to-Noise Ratio Validation: 15","Model/Sequence group: T1, T2, FLAIR: 111 images; Model/Sequence group: DWI: 94 images; Advanced Reconstruction Image Validation: 167 images; Contrast-to-Noise Ratio Validation: 46 images","Yes — pseudoreplication risk (multiple observations per patient treated as independent). ""Pathologies spanning multiple slices were used multiple times.""","Yes, 4 sites for T1, T2, FLAIR and DWI; 3 sites for Advanced Reconstruction Image Validation; 2 sites for Contrast-to-Noise Ratio Validation",Linear Reconstruction was used as the reference standard for the comparison.,"Disclosed: age, sex/gender / Not reported: race/ethnicity, comorbidities","No, confidence intervals are not mentioned for the primary performance metrics.","No, the device is for imaging the internal structure of the head and is not specific to women's health."
K243863,Opulus Lymphoma Precision,"Roche Molecular Systems, Inc.",Radiology,05/30/2025,Yes,182,Same as patients,N/A — one observation per patient,"Yes, multiple geographical locations across the U.S., Canada, Europe, Australia, and Taiwan",Reference standard (ground truth) was established using three radiologists/nuclear medicine physicians with expertise in interpreting PET/CT scans from patients with FDG-avid lymphoma.,"Disclosed: age, sex/gender, race/ethnicity / Not reported: comorbidities","Yes, metrics with CIs include TMTV values and Dice Similarity Coefficient (DSC)","No — the study relates to lymphoma, which affects both men and women."
DEN240047,Allix5,"Clairity, Inc.",Radiology,05/30/2025,Yes,"Pivotal: 77,511; Reproducibility Study #1: 1,046; Reproducibility Study #2: 102","Pivotal: 77,511 exams; Reproducibility Study #1: 1020 transformed exams; Reproducibility Study #2: 2400 total exams","Yes — pseudoreplication risk (multiple observations per patient treated as independent). Quote: 'A random selection of 10 transforms were applied to each of the 102 test exams, yielding 1020 transformed exams for analysis.'","Yes, 27 sites (Training: 22 sites; Validation: 5 sites: Emory University Hospital Midtown, Solis Mammography at Baylor Scott & White All Saints Medical Center, Solis Mammography Bedford at Lisa Trent Breast Center, University of California, Davis Health Ellison Ambulatory Care Center, University of California, Davis Folsom Clinic)",No comparator. Quote: 'The current standard of care uses traditional mathematical risk models such as the Gail Model and Tyrer-Cuzick Model.',"Disclosed: age, race/ethnicity, breast density, breast implants / Not reported: sex/gender, comorbidities","Yes, AUC(5): 0.70 with 95% confidence interval (0.69, 0.72)","Yes, the device is intended to generate a 5-year risk prediction of breast cancer based on a bilateral screening mammogram."
K251406,BriefCase-Triage,"Aidoc Medical, Ltd.",Radiology,05/30/2025,Yes,509,Same as patients,N/A — one observation per patient,"Yes, 5 US-based clinical sites",The time-to-notification results obtained for the subject Briefcase-Triage device show comparability with the primary predicate with regard to time savings to the standard of care review.,"Disclosed: age, sex/gender / Not reported: race/ethnicity, comorbidities","Yes, metrics with CIs: time-to-notification, NPV, PPV, PLR, NLR, sensitivity, specificity","No — the study relates to triage of radiological images for suspected pulmonary embolism, which is not specific to women's health."
K242830,LensHooke X3 PRO Semen Quality Analyzer; LensHooke X3 PRO SE Semen Quality Analyzer,"Bonraybio Co., LTD.",Hematology,05/30/2025,Yes,Not reported,Not reported,Not reported,Not reported,LensHooke X1 PRO Semen Quality Analyzer performed by POC personnel was used as reference method.,"Not reported: age, sex/gender, race/ethnicity, comorbidities",Not reported,No — the device is for semen analysis to evaluate male fertility.
K250543,Voluson Performance 16; Voluson Performance 18,GE Medical Systems Ultrasound and Primary care Diagnostics,Radiology,05/29/2025,Yes,Not reported,Not reported,Not reported,Not reported,Not reported,"Disclosed: [] / Not reported: [age, sex/gender, race/ethnicity, comorbidities]",Not reported,"Yes — The device is specialized for OB/GYN applications, including fetal/obstetrics and gynecology/pelvic imaging."
K250367,CoLumboX,Smart Soft Healthcare AD,Radiology,05/28/2025,Yes,100,Same as patients,N/A — one observation per patient,Not reported,"The performance assessment study compared the CoLumboX software outputs, and the output of a physician using and physician not using CoLumboX to the ground truth defined by 3 radiologists on segmentations and measurements.","Disclosed: gender, ages, racial groups / Not reported: comorbidities",Not reported,No — The device is related to lumbar spine imaging and does not specifically address women's health issues.
K250427,TAIMedImg DeepMets,"Taiwan Medical Imaging Co., Ltd.",Radiology,05/28/2025,Yes,"Training: 1,029; Tuning: 559; Validation: 158",Same as patients,N/A — one observation per patient,"Yes, 16 MRI scan sources in US",clinicians’ segmentation,"Disclosed: age, sex/gender, race/ethnicity / Not reported: comorbidities","Yes, Lesion-Wise Sensitivity, False Positive Rate, Dice Similarity Coefficient, Hausdorff Distance, Centroid Distance","No — the study relates to brain metastases, which are not specific to women's health"
K243378,Rapid MLS,iSchemaview Inc.,Radiology,05/28/2025,Yes,Training: 138; Validation: 24; Final validation: 153,Same as patients,N/A — one observation per patient,"Yes, 13 sites (2 OUS, 11 US)",ground truth established by 3 experts,"Disclosed: age, sex/gender / Not reported: race/ethnicity, comorbidities","Yes, intercept and slope of Passing-Bablok fit","No — relates to brain midline shift measurement, not specific to women's health"
K250932,DeepRhythmAI,Medicalgorithmics S.A.,Cardiovascular,05/27/2025,Yes,Not reported,Not reported,Not reported,Not reported,Not reported,Not reported,Not reported,"No — The device is related to cardiac arrhythmias using ECG data, which is not specific to women's health."
K243937,Accuro 3S,"Rivanna Medical, Inc.",Radiology,05/23/2025,Yes,Training: 147; Test: 81,"Training: 25,536 images; Test: 10,080 image frames",Yes — pseudoreplication risk (multiple observations per patient treated as independent),"Yes, 7 geographically diverse sites",Ground truth for anatomical labels were established from a panel of three board certified radiologists.,"Disclosed: age, sex/gender, ethnicity / Not reported: comorbidities",Not reported,"No — the device is for general musculoskeletal imaging and neuraxial anesthesia guidance, not specific to women's health."
K242594,DEEPECHO,DeepEcho,Radiology,05/23/2025,Yes,"Training: Not reported; Test: 431 (Femur Length), 858 (Head Circumference), 499 (Abdominal Circumference), 858 (Biparietal Diameter)",Same as patients,"Yes — pseudoreplication risk (multiple observations per patient treated as independent). Each subject contributed multiple images, including standard fetal biometry planes and non-standard views.","Yes, training data from two Roshan MFM clinics in New York City and selected sites in Morocco; test data from Seattle (WA), Garden City (NY), Union (NJ), Honesdale (PA), Chiapas (Mexico), and Casablanca (Morocco).",Ground truth measurements: 'Comparison of DEEPECHO to ground truth measurements',"Disclosed: age, race/ethnicity / Not reported: sex/gender, comorbidities","Yes, metrics with CIs: Femur Length, Head Circumference, Abdominal Circumference, Biparietal Diameter, Sensitivity and Specificity of view identification","Yes, the study involves fetal measurements and anatomical view identification, which are relevant to obstetrics and women's health."
K250005,Clever One,"Ewoosoft Co., Ltd",Radiology,05/23/2025,Yes,Not reported,Not reported,Not reported,Not reported,Predicate devices EzDent-i (K241114) and Ez3D-i (K231757),"Disclosed: None / Not reported: age, sex/gender, race/ethnicity, comorbidities",Not reported,No — the device relates to general imaging capabilities without specific focus on women's health
K243989,Second Opinion® 3D,"Pearl, Inc.",Radiology,05/23/2025,Yes,100 images (patients not specified),100 images,N/A — one observation per patient,Not reported,No comparator,"Not reported: age, sex/gender, race/ethnicity, comorbidities","Yes, for segmentation accuracy metrics","No — relates to dental CBCT radiographs, not specific to women's health"
K243793,EPIQ Series Diagnostic Ultrasound System; Affiniti Series Diagnostic Ultrasound System,Philips Ultrasound LLC,Radiology,05/21/2025,Yes,AutoMeasure: 3964; AutoStrain: 82; R-trigger Time Stamp: 1894,7309 cardiac clips,Yes — pseudoreplication risk (multiple observations per patient treated as independent),Not reported,The results of the 35 hypotheses demonstrated high agreement of R-trigger AI based algorithm in both technical and clinical assessments when compared to ECG-based R-trigger.,"Disclosed: None / Not reported: age, sex/gender, race/ethnicity, comorbidities","Yes, confidence intervals are reported for the limits of agreement and correlation for each parameter tested.","No — the study relates to cardiac ultrasound applications, which are not specific to women's health."
K243762,Synapse 3D Base Tools (V7.0),FUJIFILM Corporation,Radiology,05/21/2025,Yes,1086,Same as patients,N/A — one observation per patient,"Yes, 5 sites: US_East, US_Midwest, US_Southeast, US_Southwest, US_Northwest",Not reported,"Disclosed: None / Not reported: age, sex/gender, race/ethnicity, comorbidities","Yes, 95% Hausdorff Distance and Mean Surface Distance","No — the study involves imaging of various organs and structures, not specific to women's health."
K243866,InVision Precision Cardiac Amyloid,InVision Medical Technology Corporation,Cardiovascular,05/21/2025,Yes,1221 unique echocardiogram studies,Same as patients,N/A — one observation per patient,"Yes, 3 geographically different U.S. sites","The study compared the device’s performance in analyzing previously acquired transthoracic cardiac ultrasound images and identifying cases of Cardiac Amyloidosis compared to confirmatory reference data, such as diagnostic imaging or pathology.","Disclosed: age, sex/gender, race/ethnicity / Not reported: comorbidities",Not reported,"No — the device is related to cardiac amyloidosis screening in adults aged 65 and over, not specifically related to women's health."
K243122,uMR Omega,"Shanghai United Imaging Healthcare Co., Ltd.",Radiology,05/21/2025,Yes,Training: 10; Test: 15; Inline ECV Test: 28,"Training: 24,866 spark slices; Test: 59 cases; Inline ECV Test: 90 images",Yes — pseudoreplication risk (multiple observations per patient treated as independent),Not reported,No comparator,"Disclosed: age, sex/gender, ethnicity / Not reported: comorbidities",Not reported,No — The device is a general magnetic resonance diagnostic device and does not specifically relate to women's health.
K251276,Swoop® Portable MR Imaging® System,"Hyperfine, Inc.",Radiology,05/21/2025,Yes,"T1, T2, FLAIR: 44; DWI: 34; CNR Validation: 43; Image Validation: 46","T1, T2, FLAIR: 92 images; DWI: 65 images; CNR Validation: 95 images; Image Validation: 177 images",Yes — pseudoreplication risk (multiple observations per patient treated as independent),"Yes, T1, T2, FLAIR: 9 sites; DWI: 6 sites; CNR Validation: 8 sites; Image Validation: 11 sites",Linear Reconstruction was used as the reference standard for the comparison.,"Disclosed: age, sex/gender / Not reported: race/ethnicity, comorbidities",Not reported,"No — the study relates to imaging of the head, not specific to women's health."
K250370,SCENARIA View Phase 5.0,FUJIFILM Corporation,Radiology,05/20/2025,Yes,Head: 50; Neck: 50; Chest: 52; Heart: 54; Abdomen: 52; Abdomen-Pelvis: 52; Chest-Abdomen: 50; Chest-Upper Abdomen: 50; C-Spine: 50; T-Spine: 50; L-Spine: 50; T-L-Spine: 24,Same as patients,N/A — one observation per patient,"Yes, clinical sites in the USA",No comparator,"Not reported: age, sex/gender, race/ethnicity, comorbidities",Not reported,No — the device is a general-purpose CT system not specific to women's health
K243617,uCT ATLAS Astound with uWS-CT-Dual Energy Analysis; uCT ATLAS with uWS-CT-Dual Energy Analysis,"Shanghai United Imaging Healthcare Co.,Ltd.",Radiology,05/16/2025,Yes,Not reported,Not reported,Not reported,Not reported,"The features described in this premarket submission are supported with the results of the testing mentioned above, the subject devices were found to have a safety and effectiveness profile that is similar to the predicate device.","Disclosed: [] / Not reported: [age, sex/gender, race/ethnicity, comorbidities]",Not reported,"No — The document does not mention any specific relation to women's health, pregnancy, gynecology, breast health, obstetrics, or conditions that predominantly or disproportionately affect women."
K241671,6450 Ultrasound System (MyLabE80); 6450 Ultrasound System (MyLabE85),Esaote S.p.A.,Radiology,05/16/2025,Yes,Not reported,Not reported,Not reported,"Yes, multiple sites including Amsterdam Medical Center and Auxologico hospital Milan",Not reported,"Disclosed: age / Not reported: sex/gender, race/ethnicity, comorbidities",Not reported,Yes — the device is used for OB/Fetal and Gynecology applications
K250086,OTS Hip,Ortoma AB,Neurology,05/16/2025,Yes,276 US patients,503 x-ray images,Yes — pseudoreplication risk (multiple observations per patient treated as independent),Not reported,Not reported,"Disclosed: [] / Not reported: [age, sex/gender, race/ethnicity, comorbidities]",Not reported,"No — The device is related to orthopedic hip surgical procedures, which are not specific to women's health."
K240554,InferRead Lung CT.AI,"Infervision Medical Technology Co., Ltd.",Radiology,05/16/2025,Yes,Nodule Registration: 98; Nodule Lobe Localization: 94; Lung Lobe Segmentation: 22,Nodule Registration: 206 nodule pairs; Nodule Lobe Localization: 188 nodules; Lung Lobe Segmentation: 110 lung lobes,Yes — pseudoreplication risk (multiple observations per patient treated as independent),Not reported,Not reported,"Not reported: age, sex/gender, race/ethnicity, comorbidities","Yes, metrics with CIs: Nodule Match Rate, Lobe Localization Accuracy Rate, Dice Coefficient","No — the study relates to lung CT and pulmonary nodules, which are not specific to women's health."
K242437,Smile Dx®,"Cube Click, Inc.",Radiology,05/14/2025,Yes,Standalone: 867; Bone Level: 352; Normal Anatomy: 200; MRMC: 352,Same as patients,N/A — one observation per patient,"Yes, multiple U.S. sites",Ground truth was established by the consensus labels of at least three US licensed dentists (the ground truth for Smile Dx®’s study was established by four US licensed dentists).,"Disclosed: age, sex, race / Not reported: comorbidities","Yes, metrics with CIs include Dice, Sensitivity, Bone Loss Measurement, wAFROC Analysis, Sensitivity and Specificity improvements","No — The device is intended for dental radiograph analysis, which is not specific to women's health."
K242624,Medical Image Post-processing Software (uOmnispace.CT),"Shanghai United Imaging Healthcare Co., Ltd.",Radiology,05/14/2025,Yes,Lung density analysis: 100; Vessel analysis: 156; Heart: 72; Liver evaluation: 74 (liver segmentation and hepatic artery) and 80 (hepatic portal vein and hepatic vein),Same as patients,N/A — one observation per patient,Not reported,The results output by algorithm were compared with the reference standard,"Disclosed: age, sex/gender / Not reported: race/ethnicity, comorbidities",No,"No — The document does not mention any specific relation to women's health, pregnancy, gynecology, breast health, obstetrics, or conditions that predominantly or disproportionately affect women."
K243812,Volta AF-Xplorer,Volta Medical,Cardiovascular,05/09/2025,Yes,Tailored arm: 187; Anatomical arm: 183,Not reported,N/A — one observation per patient,"Yes, 26 centers across 5 countries in Europe and the United States",The subject Volta AF-Xplorer device is as safe and effective as the previously cleared Volta AF-Xplorer device (K232616).,"Not reported: age, sex/gender, race/ethnicity, comorbidities",Not reported,"No — the study relates to atrial fibrillation treatment, which is not specific to women's health."
K242388,LensHooke X12 PRO Semen Analysis System,"Bonraybio Co., LTD.",Hematology,05/09/2025,Yes,Not reported,Not reported,Not reported,Not reported,X1 RPO performed by lab personnel was used as a reference method.,"Disclosed: None / Not reported: age, sex/gender, race/ethnicity, comorbidities",Not reported,No — the device is intended for human semen analysis to evaluate male fertility.
K251110,EPIQ Series Diagnostic Ultrasound Systems; Affiniti Series Diagnostic Ultrasound Systems,Philips Ultrasound LLC,Radiology,05/09/2025,Yes,Not reported,Not reported,Not reported,Not reported,The automated results were compared to reference results provided using visual estimation by 3 expert cardiologists.,"Disclosed: None / Not reported: age, sex/gender, race/ethnicity, comorbidities","Yes, Pearson’s correlation coefficient and associated confidence intervals are 0.952 (95%CI 0.919, 0.972)","No — The study relates to ultrasound systems for cardiac function assessment, which is not specific to women's health."
K251126,SKOUT system,Iterative Health,Gastroenterology-Urology,05/09/2025,Yes,Not reported,Not reported,Not reported,Not reported,Not reported,Not reported,Not reported,"No — The device is related to gastrointestinal lesion detection, which is not specific to women's health."
K243230,Second Opinion® BLE,Pearl Inc.,Radiology,05/09/2025,Yes,396,229 bitewing and 167 periapical radiographs,Yes — pseudoreplication risk (multiple observations per patient treated as independent),Not reported,"Based on the performance data and the application of general controls and special controls established for this device as published in the subject labeling, use of this device is unlikely to increase the rate of false negative or false positive diagnosis of dental pathologies as compared with the current clinical standard of practice.","Disclosed: [] / Not reported: [age, sex/gender, race/ethnicity, comorbidities]","Yes, precision and recall metrics have CIs","No, the study relates to dental health, which is not specific to women's health."
K250226,Clarius Median Nerve AI,Clarius Mobile Health Corp.,Radiology,05/08/2025,Yes,Training: Not reported; Test: 126,182 images,"Yes — pseudoreplication risk (multiple observations per patient treated as independent). Some subjects had images collected at both levels (forearm and wrist), which accounts for the 182 images collected from 126 subjects.","Yes, 13 sites: United States, Canada, Brazil, United Kingdom, Australia, Belgium, Germany, South Africa, Dominican Republic, Poland, The Netherlands, Philippines","Manual measurements performed by qualified experts with relevant (i.e., musculoskeletal) ultrasound experience.",Not reported,"Yes, metrics with CIs: Intraclass Correlation Coefficient (ICC), Jaccard scores","No, the study relates to musculoskeletal ultrasound applications, not specifically to women's health."
K243684,BrightHeart View Classifier,BrightHeart,Radiology,05/07/2025,Yes,579,2290 clinically acquired images and frames from video clips,Yes — pseudoreplication risk (multiple observations per patient treated as independent),"Yes, 8 centers",The reference standard was derived from the dataset through a truthing process in which a sonographer and an MFM specialist with experience in fetal echocardiography determined the presence or absence of standard views on fetal ultrasound images.,"Disclosed: sex/gender, age, ethnicity/country / Not reported: race/ethnicity, comorbidities","Yes, mean standard view recognition sensitivity and specificity",Yes — relates to fetal heart ultrasound scanning and gestational age examinations
K243893,Second Opinion® Pediatric,"Pearl, Inc.",Radiology,05/05/2025,Yes,Not reported,1182 radiographic images,Not reported,Not reported,compared to the Ground Truth,"Not reported: age, sex/gender, race/ethnicity, comorbidities","Yes, metrics with CIs: lesion level sensitivity, FPPI, HR-ROC FOM, wAFROC FOM, Dice score","No — the device is related to dental health for pediatric patients, not specifically women's health."
K251071,Fetal EchoScan (v1.1),BrightHeart,Radiology,05/02/2025,Yes,Standalone: 877; Reader study: 200,Same as patients,N/A — one observation per patient,"Yes, 11 centers",The ROC AUC for detection of any suspicious radiographic finding was significantly higher in the aided compared to the unaided reading condition.,"Disclosed: age, sex/gender, race/ethnicity / Not reported: comorbidities","Yes, metrics with CIs: sensitivity, specificity, ROC AUC","Yes, the device is intended for use in fetal heart ultrasound examination in pregnant women."
K242583,AT-Patch (ATP-C130/ATP-C70),"ATsens Co.,Ltd.",Cardiovascular,05/02/2025,Yes,Not reported,Not reported,Not reported,Not reported,Predicate device,"Disclosed: age, sex/gender, race/ethnicity / Not reported: comorbidities",Not reported,"No — the device relates to ECG monitoring and arrhythmia detection, which are not specific to women's health."
K250087,Vscan Air,GE Medical Systems Ultrasound and Primary Care Diagnostics,Radiology,05/01/2025,Yes,Training/Validation: 159; Verification: 142,"Training/Validation: 2,197 images; Verification: 1,817 images",Yes — pseudoreplication risk (multiple observations per patient treated as independent). Each individual was scanned in two views: Transverse and Longitudinal.,"Yes, 5 countries: USA, Germany, UK, Japan, India",Not reported,"Disclosed: age, sex/gender, race/ethnicity / Not reported: comorbidities","No, only a 90% confidence level for automatic caliper placement success rate is mentioned","Yes, the device includes applications for fetal/obstetrics and gynecological exams"
P230022,"Jewel Patch Wearable Cardioverter Defibrillator (P-WCD) (Jewel), Jewel P-WCD Firmware, Device Accessories Skin Preparati","Element Science, Inc.",Cardiovascular,04/30/2025,No,,,,,,,,
K250328,UltraExtend NX CUW-U001S V2.0 Ultrasound Image Analysis Program,Canon Medical Systems Corporation,Radiology,04/30/2025,Yes,Not reported,Not reported,Not reported,Not reported,Not reported,Not reported,Not reported,No — The device is an ultrasound image analysis program without specific mention of women's health applications.
K243376,uAngio AVIVA CX,"Shanghai United Imaging Healthcare Co.,Ltd.",Radiology,04/28/2025,Yes,Not reported,Not reported,Not reported,Not reported,"Based on the comparison and analysis above, the proposed device uAnigo AVIVA CX has the equivalent intended use, safety, and effectiveness as the predicate device Philips Azurion R2.1 and the reference device SmartCT.","Disclosed: None / Not reported: age, sex/gender, race/ethnicity, comorbidities",Not reported,"No — The document does not mention any specific relation to women's health, pregnancy, gynecology, breast health, obstetrics, or conditions that predominantly or disproportionately affect women."
K243239,Lung AI (LAI001),Exo Inc,Radiology,04/24/2025,Yes,"Training: 1,036; Test: 359; MRMC: 322","Training: 3,453 clips; Test: 465 scans; MRMC: 748 cases per reader",Yes — pseudoreplication risk (multiple observations per patient treated as independent). '465 lung scans from 359 unique patients were retrospectively collected... Adjustments were made to account for intra-subject correlation in calculating confidence intervals.',"Yes, 6 imaging centers in the U.S. and Canada","Reader consensus. 'The reference standard was established by two US board-certified experts... Adjudication, in case of disagreement, was provided by a third expert.'","Disclosed: age, sex/gender, ethnicity / Not reported: race, comorbidities","Yes, metrics with CIs: Sensitivity, Specificity, AUC-ROC","No, the device is related to lung ultrasound analysis, which is not specific to women's health."
K250831,Annalise Enterprise,Annalise-AI,Radiology,04/23/2025,Yes,"3,252",Same as patients,N/A — one observation per patient,"Yes, 4 US hospital network sites","Standalone performance was assessed via a retrospective, anonymized study of adult patient, DICOM-compliant chest X-ray cases.","Disclosed: age, sex/gender, race/ethnicity / Not reported: comorbidities","Yes, AUC and sensitivity/specificity metrics have CIs","No, the device is intended for chest X-ray studies in patients 22 years or older, without specific focus on women's health."
K243651,VersaViewer,GE Medical Systems SCS,Radiology,04/21/2025,Yes,Not reported,Not reported,Not reported,Not reported,Not reported,"Disclosed: [] / Not reported: [age, sex/gender, race/ethnicity, comorbidities]",Not reported,No — The device is not intended for the displaying of digital mammography images for diagnosis.
K243878,CLARUS (700),"Carl Zeiss Meditec, Inc.",Ophthalmic,04/17/2025,Yes,Not reported,Not reported,Not reported,Not reported,Not reported,"Disclosed: None / Not reported: age, sex/gender, race/ethnicity, comorbidities",Not reported,"No — the device relates to imaging of retinal and choroidal conditions, which are not specific to women's health."
K242129,VitalRhythm,"VitalConnect, Inc.",Cardiovascular,04/17/2025,Yes,"Training: 23,587; Test: 3,309","Training: 81,391 datasets; Test: 7,553 datasets",Yes — pseudoreplication risk (multiple observations per patient treated as independent),"Yes, Training: 354 US clinical sites; Test: 7 US testing sites",No comparator,"Disclosed: age, sex/gender, race/ethnicity / Not reported: comorbidities","No, metrics reported without CIs","No — the study relates to cardiac arrhythmia detection, which is not specific to women's health"
K242500,LARALAB,LARALAB GmbH,Radiology,04/16/2025,Yes,60,Same as patients,N/A — one observation per patient,"Yes, multi-centric study (specific sites not named)","Comprehensive performance testing was conducted, including the evaluation of automatic pre-calculated segmentations and measurements against reference ground-truth values obtained by expert clinicians with the predicate device.","Disclosed: age, gender / Not reported: sex, race/ethnicity, comorbidities","No, Bland-Altman analysis and ICC values reported instead","No — the study relates to cardiovascular structures, which do not predominantly or disproportionately affect women."
K243853,Clarius Prostate AI,Clarius Mobile Health Corp.,Radiology,04/16/2025,Yes,139,Same as patients,N/A — one observation per patient,"Yes, 11 sites: United States, Canada, Peru, United Kingdom, Germany, Argentina, Jamaica, Barbados, Greece, Bulgaria, Italy","Manual measurements performed by qualified experts with relevant (i.e., Prostate) ultrasound experience","Disclosed: age, sex/gender / Not reported: race/ethnicity, comorbidities","Yes, mean difference between percent differences of the expert mean and the Clarius Prostate AI mean (95% CI 0.0738, 0.1646)","No, the study relates to prostate health, which is specific to male patients."
K250650,SpotLight / SpotLight Duo with Low Dose Lung Cancer Screening Option,Arineta Ltd.,Radiology,04/15/2025,Yes,Small: 10; Medium: 7; Large: 7,Same as patients,N/A — one observation per patient,"Yes, 3 U.S. sites","The clinical image evaluation resulted in the expected detectability of the proposed SpotLight / SpotLight Duo with LD LCS option for small patient protocols, without raising any new safety and/or effectiveness concerns compared to the current medium and large patient protocols LD LCS predicate device.",Not reported,Not reported,"No — The device is related to lung cancer screening, which is not specific to women's health."
K250416,GBrain MRI,"Galileo CDS, Inc",Radiology,04/11/2025,Yes,Not reported,Not reported,Not reported,Not reported,"Comparisons to expert segmentations were quantified using OLS Regression, and Dice similarity coefficient (extent of software-derived vs. ground truth overlap).","Disclosed: None / Not reported: age, sex/gender, race/ethnicity, comorbidities",Not reported,No — The device is intended for analyzing brain MR images and is not specific to women's health.
K243558,Canvas Dx,"Cognoa, Inc.",Neurology,04/11/2025,Yes,Not reported,Not reported,Not reported,Not reported,Not reported,"Not reported: age, sex/gender, race/ethnicity, comorbidities","Yes, PPV, NPV, Sensitivity, Specificity",No — relates to pediatric autism spectrum disorder diagnosis aid
K242748,Oncospace,"Oncospace, Inc.",Radiology,04/11/2025,Yes,"Training: 1145 (Head and Neck), 1623 (Thoracic), 712 (Abdominal), 1785 (Pelvis); External Test: 265 (Dataset A), 27 (Dataset B), 40 (Prostate); Clinical Validation: 18 (Head and Neck), 20 (Lung and Esophagus), 17 (Pancreas and Liver), 17 (Prostate and Gynecological)",Same as patients,N/A — one observation per patient,"Yes, 3 sites: Johns Hopkins University, Institution_2, Institution_3",Clinical performance testing involved comparison of plans generated with the aid of the Oncospace software to heterogenous sets of traditionally-planned clinical treatment plans.,"Not reported: age, sex/gender, race/ethnicity, comorbidities","No, confidence intervals not reported for primary performance metrics","No — the device is used for radiotherapy treatment planning in various anatomical regions, not specifically related to women's health."
K242600,Second Opinion Periapical Radiolucency Contours,Pearl Inc.,Radiology,04/11/2025,Yes,Not reported,500 images,N/A — one observation per patient,"Yes, 5 regions in the United States: Northwest, Southwest, South, East, Midwest",The primary performance comparison of Second Opinion PC Second Opinion was conducted using wAFROC-FOM. A secondary analysis was carried out using HR-ROC-AUC.,"Disclosed: None / Not reported: age, sex/gender, race/ethnicity, comorbidities","Yes, metrics with CIs: wAFROC-FOM, HR-ROC-AUC, lesion level sensitivity, average false positives per image","No — the study relates to dental radiographic images and periapical radiolucencies, which do not predominantly or disproportionately affect women."
K243145,syngo.CT LVO Detection,"Siemens Medical Solutions USA, Inc.",Radiology,04/10/2025,Yes,602,Same as patients,N/A — one observation per patient,"Yes, 4 different clinical sites in the US","Ground truth was established by two US-board certified neuroradiologists independently assessing the cases. In case of disagreement, adjudication was performed by a third US-board certified neuroradiologist.","Disclosed: age, sex/gender, race/ethnicity / Not reported: comorbidities","Yes, sensitivity and specificity have CIs","No — the study relates to CT angiography for large vessel occlusion detection, not specific to women's health."
K250177,EPIQ Series Diagnostic Ultrasound System; Affiniti Series Diagnostic Ultrasound System,Philips Ultrasound LLC,Radiology,04/10/2025,Yes,Not reported,Not reported,Not reported,Not reported,predicate device,"Not reported: age, sex/gender, race/ethnicity, comorbidities",Not reported,"Yes — the device is indicated for use in Fetal/Obstetric and Gynecological imaging, which relates to women's health."
K250754,cmAngio® (V1.6),"CureMetrix, Inc.",Radiology,04/10/2025,Yes,Not reported,Not reported,Not reported,Not reported,Not reported,Not reported,Not reported,"Yes — the device is intended to aid in identifying Breast Arterial Calcification (BAC) in mammograms, which relates to breast health."
K243743,autoSCORE (V 2.0.0),Holberg EEG AS,Neurology,04/09/2025,Yes,80 EEGs (patients not specified),Same as patients,N/A — one observation per patient,Not reported,"Markers identified by encevis, individual HEs, or HE consensus.","Disclosed: None / Not reported: age, sex/gender, race/ethnicity, comorbidities","Yes, metrics with CIs: Sensitivity (TPR), Specificity (TNR), Positive Predictive Value (PPV), Negative Predictive Value (NPV), Accuracy","No — the device relates to EEG analysis, which is not specific to women's health."
K242295,BunkerHill BMD,BunkerHill Health,Radiology,04/08/2025,Yes,371 CT studies (patients not specified),Same as patients,N/A — one observation per patient,"Yes, 4 geographically diverse sites",compared to the established ground truth,"Disclosed: age, sex / Not reported: race/ethnicity, comorbidities","Yes, metrics with CIs: Sensitivity, Specificity, Pearson correlation coefficient, AUROC, PPV, NPV","No, relates to bone mineral density assessment in adults generally"
K243567,Tyto Insights for Rhonchi Detection,"Tyto Care , Ltd.",Anesthesiology,04/07/2025,Yes,400,Same as patients,N/A — one observation per patient,Not reported,Quote: 'The primary endpoint was to establish that the lower bound of 95% two-sided CI for the difference in AUCs between the Tyto Insights for Rhonchi Detection vs. clinical readers is higher than non-inferiority margin of -0.05.',"Disclosed: age, sex/gender / Not reported: race/ethnicity, comorbidities","Yes, metrics with CIs: Sensitivity, Specificity, Positive Predictive Value, Negative Predictive Value, AUC","No — the study relates to lung sound detection, which is not specific to women's health."
K242807,HeartFocus (V.1.1.1),Deski,Radiology,04/04/2025,Yes,"Training: 1,483; Test: 290; Retrospective evaluation: 240 (120 US + 120 non-US); Human Factors Validation Study: 31; Clinical Study: 240","Training: 1,204,113 images; Test: 361,104 images; Retrospective evaluation: Not reported; Human Factors Validation Study: Not reported; Clinical Study: 2,362 clips","Yes — pseudoreplication risk (multiple observations per patient treated as independent). The evaluation was performed on 30,361 images from 14 patients. The evaluation was performed on 270,582 images from 20 patients. The evaluation was performed on 211 long-duration clips from 34 patients.","Yes, 2 sites: Site 1 (France) and Site 2 (USA)","For comparison, participants were also scanned to obtain the same 10 views by a trained medical professional without cardiac guidance and using the same Clarius ultrasound system (control exam).","Disclosed: age, sex/gender, BMI / Not reported: race/ethnicity, comorbidities","Yes, metrics with CIs: Cohen’s kappa score, positive predictive value","No, the study relates to general echocardiography and cardiac assessments, not specifically to women's health."
K240398,"RayStation 2023B, RayPlan 2023B, RayStation 2024A, RayPlan 2024A, RayStation 2024A SP3, RayPlan 2024A SP3",RaySearch Laboratories AB (PUBL),Radiology,04/04/2025,Yes,Not reported,Not reported,Not reported,Not reported,"predicate device, RayStation 12A",Not reported,Not reported,"No — the document does not mention any relation to women's health, pregnancy, gynecology, breast health, obstetrics, or conditions that predominantly or disproportionately affect women."
K243769,QFR (3.0),QFR Solutions bv,Radiology,04/04/2025,Yes,Not reported,Not reported,Not reported,Not reported,Not reported,Not reported,Not reported,"No — The device is intended for use in assessing coronary vessels in X-ray angiographic images, which is not specific to women's health."
K241982,DeepFoqus (DeepFoqus-Accelerate),Foqus Technologies Inc.,Radiology,04/04/2025,Yes,Not reported,Not reported,Not reported,Not reported,Predicate device,"Not reported: age, sex/gender, race/ethnicity, comorbidities",Not reported,"No — the device is intended for brain MRI image processing, which is not specific to women's health."
K242551,syngo Dynamics (Version VA41D),Siemens Healthcare GmbH,Radiology,04/03/2025,Yes,Test: 150,Same as patients,N/A — one observation per patient,"Yes, 3 sites in the U.S.",The ground truth was established by 2 experienced sonographers using a conventional manual method to establish left ventricular volumes and ejection fraction with the “Method of Disks” (MOD) also known as the Modified Simpson's Rule.,"Disclosed: age, sex/gender / Not reported: race/ethnicity, comorbidities",Not reported,Yes — the device supports ultrasound in Obstetrics/Gynecology and Maternal Fetal Medicine (fetal echocardiography during pregnancy).
K241984,Hi-D Imaging 4TAVR,Hi-D Imaging AG,Radiology,04/02/2025,Yes,929 CT scans (patients not specified),929 CT scans,N/A — one observation per patient,"Yes, 5 sites (3 in the U.S., 2 in Europe)","Commercially available FDA-cleared and CE-Marked software were used by the ground truth readers, including the predicate device.","Not reported: age, sex/gender, race/ethnicity, comorbidities",Not reported,"No — the study relates to cardiac imaging for TAVR procedures, which is not specific to women's health."
K242925,MR Contour DL,GE HealthCare,Radiology,04/01/2025,Yes,Head/neck: 50; Pelvis: 55,Same as patients,N/A — one observation per patient,"Yes, 4 sites (USA, NL, UK, Europe)",Predicate device,"Disclosed: age, sex/gender, comorbidities / Not reported: race/ethnicity","Yes, HD95 metric","No — The device is intended for radiation therapy planning using MR images in adult patients, without specific focus on women's health."
K242166,TribusConnect,TribusMed Beheer BV,Radiology,03/31/2025,Yes,100,Same as patients,N/A — one observation per patient,"Yes, 14 sites across the United States",Validation of the LAA localization feature is performed by comparing the results with the predicate device TruPlan (K222593),"Disclosed: age / Not reported: sex/gender, race/ethnicity, comorbidities","Yes, LAA localized within 10mm of the landing zone contour center as computed by the predicate device, in 95% of all cases, with a confidence of 95%","No — The device is intended for general medical image management and processing, with no specific focus on women's health."
K242745,AI-Rad Companion Organs RT,Siemens Healthcare GmbH,Radiology,03/27/2025,Yes,Test: 579; Cohort A: 73; Cohort A.1: 73; Cohort A.2: 40; Cohort A.3: 301; Cohort B: 165,Same as patients,N/A — one observation per patient,"Yes, multiple clinical sites across North America, South America, Asia, Australia, and Europe","Predicate device (SW VA50A, K232899)","Disclosed: sex/gender / Not reported: age, race/ethnicity, comorbidities","Yes, Dice coefficients and ASSD","No — The device is intended for automatic contouring in radiation therapy planning, which is not specific to women's health."
K243038,Salix Central,Artrya Limited,Radiology,03/27/2025,Yes,"Training: 3,835; Validation: 363",Same as patients,N/A — one observation per patient,"Yes, 6 unique sites from the USA, Canada, Australia, and Japan for training; 6 centers across 3 US states for validation",Reference ground truth established by board certified cardiologists and radiologists with SCCT Level 3 certification (or equivalent experience) using manual annotation and segmentation tools.,"Disclosed: age, sex/gender, race/ethnicity / Not reported: comorbidities","Yes, metrics with CIs: Calcium Scoring, Centerline Extraction, Vessel Labelling, Lumen Wall Segmentation, Vessel Wall Segmentation","No — the study relates to cardiac CT imaging, which is not specific to women's health."
K242919,V5med Lung AI,V5med Inc.,Radiology,03/27/2025,Yes,340,340 chest CT scans,N/A — one observation per patient,Not reported,"Radiologist reads. ""The reader study measured the area under the curve (AUC) of the localization-specific receiver operating characteristic (LROC) response when using V5med Lung AI, compared to the unaided read.""","Disclosed: age, sex/gender, race/ethnicity / Not reported: comorbidities","Yes, AUC and reading time differences have CIs","No — the study relates to lung nodule detection in chest CT scans, not specific to women's health."
K243891,EarliPoint System,EarliTec Diagnostics,Neurology,03/26/2025,Yes,Pivotal: 500 (475 evaluable); Missing data: 25,Same as patients,N/A — one observation per patient,"Yes, 6 sites in the United States",All patients were evaluated for ASD by both the EarliPoint system and by expert clinician diagnosis (current best practice for diagnosis of ASD),"Not reported: age, sex/gender, race/ethnicity, comorbidities","Yes, metrics with CIs: Sensitivity, Specificity",No — relates to pediatric autism spectrum disorder diagnosis
K243831,Rayvolve LN,AZmed,Radiology,03/26/2025,Yes,Not reported,2181 radiographs,Not reported,Not reported,"The primary objective of this MRMC study was to determine whether the diagnostic accuracy of readers aided by Rayvolve LN was superior to reader accuracy when unaided by Rayvolve LN, as determined by the AUC of the ROC curve.","Disclosed: age, gender, ethnicity / Not reported: comorbidities","Yes, metrics with CIs: sensitivity, specificity, AUC","No — relates to pulmonary nodules detection in chest radiographs, not specific to women's health."
K243808,Rayvolve PTX-PE,AZmed,Radiology,03/21/2025,Yes,Not reported,"2,000 radiographs",Not reported,Not reported,Predicate device,"Disclosed: age, gender, ethnicity / Not reported: comorbidities","Yes, metrics with CIs: sensitivity, specificity, AUC, performance time","No — the study relates to chest x-ray analysis for pneumothorax and pleural effusion, which are not specific to women's health."
K250186,GoLIF! Lumbar Interbody Fusion System,"GetSet Surgical, SA",Orthopedic,03/21/2025,Yes,Not reported,Not reported,Not reported,Not reported,Predicate device,"Not reported: age, sex/gender, race/ethnicity, comorbidities",Not reported,"No — the device is related to lumbar interbody fusion, which is not specific to women's health."
K241961,Vent Creativity Knee v1.0 (Hermes),Vent Creativity,Radiology,03/20/2025,Yes,120 de-identified patients,Not reported,N/A — one observation per patient,Not reported,"The study compared the segmentation accuracy of Hermes with two predicate segmentation tools, Synopsys and Mimics, using the Dice Similarity Coefficient (Dice score) as the primary metric.","Not reported: age, sex/gender, race/ethnicity, comorbidities",Not reported,"No — the device is related to orthopedic applications, specifically knee imaging and planning."
K243292,brAIn Shoulder Positioning,Avatar Medical,Radiology,03/20/2025,Yes,Training: 335; Test: 173,508 pairs of 3D images,"No — dependence correctly handled (e.g. mixed models, per-patient aggregation, clustered standard errors). The training and testing datasets were split at the patient level to ensure that no patient data was included in both sets.",Not reported,No comparator,"Disclosed: sex/gender, geographical origin / Not reported: age, race/ethnicity, comorbidities",Not reported,"No — the device is related to shoulder positioning for total shoulder replacement, which is not specific to women's health."
K243689,AVIEW,"Coreline Soft Co., Ltd.",Radiology,03/19/2025,Yes,Not reported,Not reported,Not reported,Not reported,Predicate device,"Disclosed: age, sex/gender / Not reported: race/ethnicity, comorbidities",Not reported,No — The device is indicated for adult patients only and does not specifically relate to women's health.
K250042,PeekMed web,"Peek Health, S.A.",Radiology,03/19/2025,Yes,Not reported,"2852 CR datasets, 1903 CT scans",Not reported,Not reported,"Comparison against the predefined ground truth met the acceptance criteria for ML model performance, demonstrating the substantial equivalence of the subject device to its predicate.","Disclosed: None / Not reported: age, sex/gender, race/ethnicity, comorbidities",Not reported,No — The device relates to general imaging (X-ray and CT scans) and does not specifically address women's health issues.
K242683,QP-Prostate® CAD,Quibim S.L.,Radiology,03/18/2025,Yes,Standalone: 247; Clinical reader: 228,Same as patients,Yes — pseudoreplication risk (multiple observations per patient treated as independent),"Yes, multiple centers across the US",QP-Prostate® CAD outputs were compared to ground truth diagnoses derived from associated pathology reports and radiologist interpretations,"Disclosed: age, race/ethnicity / Not reported: sex/gender, comorbidities","Yes, metrics with CIs: AUC-ROC, Sensitivity, False Positive Rate per Case, AUCunaided, AUCaided, DAUC","No, the study relates to prostate cancer, which predominantly affects men"
K243862,LVivo Software Application,DiA Imaging Analysis Ltd.,Radiology,03/17/2025,Yes,First validation: 170; Second validation: 101,Same as patients,N/A — one observation per patient,"Yes, three sites: one in the US and two in Israel",Ground truth was defined as WMSI average across three cardiologists specializing in echo.,"Disclosed: age, sex/gender, BMI / Not reported: race/ethnicity, comorbidities","No, confidence intervals not reported for primary performance metrics","No, the study relates to general cardiac function analysis, not specific to women's health."
K250379,SIGNA Prime Elite,"GE Medical Systems, LLC",Radiology,03/17/2025,Yes,Not reported,Not reported,Not reported,Not reported,Not reported,"Disclosed: [] / Not reported: [age, sex/gender, race/ethnicity, comorbidities]",Not reported,No — The device is a whole body magnetic resonance scanner and is not specific to women's health.
K241960,DeepRESP,Nox Medical ehf,Neurology,03/14/2025,Yes,"Type I: 2,224; Type III: 3,488",Same as patients,N/A — one observation per patient,"Yes, sleep clinics in the United States",The performance of DeepRESP was compared to the agreement of the automatic scoring of the predicate device to manual scoring.,"Disclosed: age, sex/gender, race/ethnicity / Not reported: comorbidities","Yes, metrics with CIs: PPA%, NPA%, OPA%, ArI ICC","No — the device relates to sleep disorders, which affect both men and women."
K242323,Maestro System (REF100),Moon Surgical,Gastroenterology-Urology,03/14/2025,Yes,Not reported,Not reported,Not reported,Not reported,Not reported,"Disclosed: [] / Not reported: [age, sex/gender, race/ethnicity, comorbidities]","Yes, for AP and AR","No — the device is intended for laparoscopic surgical procedures, which are not specific to women's health."
K250255,xvision Spine system,Augmedics Ltd.,Neurology,03/13/2025,Yes,Not reported,Not reported,Not reported,Not reported,Predicate device,Not reported,Not reported,"No — the device is related to spine procedures, which are not specific to women's health."
K241725,Better Diagnostics Caries Assist (BDCA) Version 1.0,Better Diagnostics AI Corp,Radiology,03/11/2025,Yes,"Standalone: 614 BW images, 684 IOPA images (patients not specified); MRMC: 328 digital radiographs (patients not specified)","Standalone: 614 BW images, 684 IOPA images; MRMC: 328 digital radiographs",Yes — pseudoreplication risk (multiple observations per patient treated as independent). 'A patient had at most one BW and one IOPA image included in the analysis dataset... multiple cavities (surfaces) within an image might lead to potential positive correlations.',Not reported,"Ground truth was determined through the consensus of two out of three experienced, licensed dentists.",Not reported,"Yes, CIs reported for BW Surface Level Sensitivity, BW Surface Level Specificity, IOPA Surface Level Sensitivity, IOPA Surface Level Specificity, BW Image Level Sensitivity, IOPA Image Level Sensitivity","No — The device is intended for identifying carious lesions in dental radiographs for patients aged 18 years or older, which is not specific to women's health."
K242338,Cleerly LABS (v2.0),"Cleerly, Inc.",Radiology,03/07/2025,Yes,Not reported,Not reported,Not reported,Not reported,predicate device,"Disclosed: None / Not reported: age, sex/gender, race/ethnicity, comorbidities",Not reported,"No — the device is related to cardiac CT data analysis for coronary artery disease, which affects both men and women."
K243331,LVivo Seamless,DiA Imaging Analysis Ltd.,Radiology,03/06/2025,Yes,EPIQ: 71; Vivid: 96,Not reported,N/A — one observation per patient,Not reported,The agreement between the device’s output and the ground truth is comparable to the predicate device.,"Disclosed: age, sex/gender, race/ethnicity, comorbidities / Not reported: None","No, Bland Altman limits of agreement are reported but not confidence intervals","No, the device is for general ultrasound image processing and not specific to women's health."
K241770,Prostate MR AI (VA10A),Siemens Healthcare GmbH,Radiology,03/05/2025,Yes,105 cases from 6 sites; 115 cases from 6 sites; 340 cases from the multi-reader multi-case study,Same as patients,N/A — one observation per patient,"Yes, 6 sites",Radiologists' unaided reading,"Disclosed: [] / Not reported: [age, sex/gender, race/ethnicity, comorbidities]","Yes, metrics with CIs: AUROC, sensitivity/specificity, AUwAFROC",No — the device is intended for use in adult men with suspected prostate cancer.
K243933,Ceevra Reveal 3+,"Ceevra, Inc.",Radiology,03/04/2025,Yes,133 imaging studies (patients not specified),133 imaging studies,N/A — one observation per patient,Not reported,Performance was verified by comparing segmentations generated by the machine learning models against segmentations generated by medical professionals from the same imaging study.,"Disclosed: age, sex/gender / Not reported: race/ethnicity, comorbidities",Not reported,"No — the device is intended for general medical imaging and preoperative planning, not specifically related to women's health."
K243235,LVivo Software Application,DiA Imaging Analysis Ltd.,Radiology,03/03/2025,Yes,101,Same as patients,N/A — one observation per patient,"Yes, 3 sites: Beth Israel, Soroka, and Hadassah",The final ground truth was comprised of the measurements by the 3 sonographers.,"Disclosed: age, sex/gender, race/ethnicity / Not reported: comorbidities","Yes, metrics with CIs: EDV, ESV, EF for A4CH, A2CH views separately and biplane (BP)","No — the study relates to general cardiac function analysis, not specific to women's health."
K243611,JLK-SDH,"JLK, Inc.",Radiology,03/03/2025,Yes,"Training: 29,524; Test: 560",Same as patients,N/A — one observation per patient,"Yes, 10 sites including Stanford University, Universidale Federal de Sao Paulo, Thomas Jefferson University Hospital, Seoul St. Mary’s Hospital, and six other institutions in the USA, Brazil, and South Korea","Ground truth standard determined by two ground truthers, with a third ground truther intervening in cases of disagreement","Disclosed: age, sex/gender, race/ethnicity / Not reported: comorbidities","Yes, metrics with CIs: sensitivity, specificity, AUC","No, the study relates to subdural hemorrhage detection in CT images, which is not specific to women's health"
K241922,Myomics,Phantomics Inc.,Radiology,02/28/2025,Yes,"Training: 3,723; Test: 728",Same as patients,N/A — one observation per patient,Not reported,Not reported,"Not reported: age, sex/gender, race/ethnicity, comorbidities",Not reported,"No — the device is for cardiovascular MR image analysis, not specific to women's health"
K242798,Airmod,Heroic Faith International Ltd.,Anesthesiology,02/28/2025,Yes,270,Same as patients,N/A — one observation per patient,"Yes, multiple healthcare facilities (specific sites not named)",Compared to Capnostream™35 capnography system: 'Clinical testing was conducted to evaluate the non-inferiority of AirmodTM compared to the Capnostream™35 capnography system during procedural sedation.',"Not reported: age, sex/gender, race/ethnicity, comorbidities","Yes, metrics with CIs: Mean Difference, Lower LOA, Upper LOA, RMSE","No, the device is intended for monitoring respiratory rate in adult patients undergoing procedural sedation and/or anesthesia, not specifically related to women's health."
K241620,ChestView US,Gleamer SAS,Radiology,02/27/2025,Yes,240 cases (patients not specified),Same as patients,N/A — one observation per patient,Not reported,Quote: 'The primary objective of this study was to determine whether the accuracy of readers (radiologists and emergency medicine physicians) aided by ChestView US (“Aided”) was superior to the accuracy of readers when unaided by ChestView US (“Unaided”) as determined by the case-level Area Under the Curve (AUC) of the Receiver Operating Characteristic (ROC) curve.',"Not reported: age, sex/gender, race/ethnicity, comorbidities","Yes, for AUC differences between aided and unaided reads","No — the device is intended for analyzing chest radiographs for various abnormalities, not specifically related to women's health."
K241546,aiCockpit AI Viewer,"Fovia, Inc.",Radiology,02/26/2025,Yes,Not reported,Not reported,Not reported,Not reported,Predicate device,"Not reported: age, sex/gender, race/ethnicity, comorbidities",Not reported,"No — the device is intended for general radiology and healthcare imaging applications, not specifically related to women's health."
K241222,Ventripoint Medical System Plus (VMS+) 4.0,Ventripoint Diagnostics Ltd.,Radiology,02/26/2025,Yes,Not reported,160 ultrasound images,Not reported,Not reported,Predicate device,"Disclosed: None / Not reported: age, sex/gender, race/ethnicity, comorbidities",Not reported,"No — The device is used for cardiac function evaluation, which is not specific to women's health."
K242967,Loss of Pulse Detection,Fitbit,Cardiovascular,02/25/2025,Yes,Clinical validation study: 135; Another clinical study: 21,Same as patients,N/A — one observation per patient,Not reported,Predicate device,"Disclosed: age, sex/gender, skin tone, body mass index / Not reported: race/ethnicity, comorbidities","Yes, sensitivity and specificity have CIs",No — the study relates to a general health condition (loss of pulse) not specific to women's health
K243446,3DXR,GE Medical Systems SCS,Radiology,02/25/2025,Yes,110 independent exams (each from a unique patient),Same as patients,N/A — one observation per patient,"Yes, 13 clinical sites",conventional reconstruction images,"Disclosed: sex/gender (for prostate), country / Not reported: age, race/ethnicity, comorbidities",Not reported,No — the study includes various anatomies and is not specific to women's health
K242822,ART-Plan+ (v.3.0.0),Therapanacea SAS,Radiology,02/25/2025,Yes,24; 18; 24; 13; 51; 43; 20,Not reported,N/A — one observation per patient,Not reported,manual contours performed by medical experts,"Not reported: age, sex/gender, race/ethnicity, comorbidities",Not reported,"No — the device is intended for cancer patients undergoing radiotherapy, not specific to women's health"
K242994,OncoStudio (OS-01),"OncoSoft. Co., Ltd.",Radiology,02/24/2025,Yes,"Training: 2,438; Test: 310",Same as patients,N/A — one observation per patient,"Yes, 3 sites: OneMedNet (U.S.A.), Yonsei Severance Hospital (Republic of Korea), University Hospital Basel (Switzerland)",No comparator,"Disclosed: age, sex/gender, race/ethnicity / Not reported: comorbidities",Not reported,"No — the study relates to segmentation of organs for radiation therapy treatment planning, not specific to women's health"
K242838,QuickRad,Aikenist Technologies Pvt Ltd,Radiology,02/21/2025,Yes,Not reported,12 X-ray images,N/A — one observation per patient,Not reported,benchmarked against the FDA-cleared FlexView Diagnostic DICOM Viewer (K233226),"Disclosed: None / Not reported: age, sex/gender, race/ethnicity, comorbidities",Not reported,No — The device is a general medical image management system not specific to women's health.
K242607,ScanDiags Ortho L-Spine MR-Q,ScanDiags AG,Radiology,02/21/2025,Yes,100,Same as patients,N/A — one observation per patient,"Yes, two sites: one in Missouri and one in North Carolina",Ground truth annotated by 3 US board certified MSK radiologist. Consent ground truth for anatomic structure segmentation determined by pixel-based majority opinion between the three radiologists.,"Disclosed: age, sex/gender, race/ethnicity / Not reported: comorbidities","Yes, ICC and DICE scores have CIs","No — the study focuses on lumbar spine measurements in adults aged 22 and above, not specific to women's health."
K243614,Sonio Suspect,Sonio,Radiology,02/21/2025,Yes,Training: Not reported; Test: 287,Training: Not reported; Test: 750 images,Yes — pseudoreplication risk (multiple observations per patient treated as independent),"Yes, 47 sites including 37 in the United States",The primary objective of this study was to determine whether the performance of readers assisted by Sonio Suspect ('Assisted') was superior to the performance of readers when not assisted by Sonio Suspect ('Unassisted').,"Disclosed: Race, Ethnicity, BMI, Gestational Age (GA), Maternal age / Not reported: Age, Sex/Gender, Comorbidities","Yes, metrics with CIs: AUCDelta, AUCUnassisted, AUCAssisted","Yes, the study relates to fetal ultrasound findings which are relevant to pregnancy and obstetrics."
K242821,EFAI Chestsuite XR Malpositioned ETT Assessment System (ETT-XR-100),"Ever Fortune.AI, Co., Ltd.",Radiology,02/20/2025,Yes,940,Same as patients,N/A — one observation per patient,"Yes, multiple clinical sites across the United States",The determination of malpositioned ETT in each case was independently assessed by three U.S. board-certified radiologists.,"Disclosed: age, sex/gender, race/ethnicity / Not reported: comorbidities","Yes, sensitivity and specificity have CIs","No — the study relates to the assessment of endotracheal tube positioning in chest X-rays, which is not specific to women's health."
K242447,Falcon HST,Compumedics Limited,Neurology,02/20/2025,Yes,Not reported,Not reported,Not reported,Not reported,"Clinical performance testing was provided to validate that the performance of the Profusion PSG software 5.1 produces substantially equivalent results for calculating the apnea hypopnea index (AHI) and sleep staging (N1, N2, N3, REM and Wake) when compared to expert review of gold standard polysomnography data.","Disclosed: [] / Not reported: [age, sex/gender, race/ethnicity, comorbidities]",Not reported,"No — the device is intended for use in diagnosing sleep disorders, which is not specific to women's health."
K242240,CaRi-Plaque,Caristo Diagnostics Ltd.,Radiology,02/20/2025,Yes,117,Same as patients,N/A — one observation per patient,"Yes, 4 sites (2 US and 2 OUS)",ground truth determined by qualified independent medical experts,"Disclosed: age, sex/gender, race/ethnicity / Not reported: comorbidities","No, Pearson Correlation Coefficients and Cohen’s Kappa reported instead","No — relates to coronary plaque analysis, not specific to women's health"
K250248,BriefCase-Triage,"Aidoc Medical, Ltd.",Radiology,02/14/2025,Yes,498,Same as patients,N/A — one observation per patient,"Yes, 6 US-based clinical sites",compared to the ground truth as determined by three senior board-certified radiologists,"Disclosed: age, sex/gender / Not reported: race/ethnicity, comorbidities","Yes, Sensitivity, Specificity, NPV, PPV, PLR, NLR","No, the study relates to pulmonary embolism which is not specific to women's health."
K243294,Brainomix 360 e-ASPECTS,Brainomix Limited,Radiology,02/14/2025,Yes,Standalone: 137; Reader: 140,Standalone: 137 scans; Reader: 140 scans,N/A — one observation per patient,"Yes, 3 USA institutions",Brainomix 360 e-ASPECTS provides a comparative analysis to the ASPECTS standard of care radiologist assessment by providing highlighted ASPECTS regions and an automated editable ASPECTS score for clinician review.,"Disclosed: [] / Not reported: [age, sex/gender, race/ethnicity, comorbidities]","Yes, metrics with CIs: AUC, sensitivity, specificity","No — The device is related to brain tissue abnormalities and ischemic stroke, which are not conditions that predominantly or disproportionately affect women."
K243696,AVIEW CAC,"Coreline Soft Co., Ltd.",Radiology,02/14/2025,Yes,Not reported,Not reported,Not reported,Not reported,No comparator,"Not reported: age, sex/gender, race/ethnicity, comorbidities",Not reported,"No — the device relates to coronary artery calcification analysis, which is not specific to women's health."
K243702,V8 Diagnostic Ultrasound System; cV8 Diagnostic Ultrasound System; V7 Diagnostic Ultrasound System; cV7 Diagnostic Ultrasound System; V6 Diagnostic Ultrasound System; cV6 Diagnostic Ultrasound System,"Samsung Medison Co., Ltd.",Radiology,02/12/2025,Yes,Training: 10,Training: 100 static images,"Yes — pseudoreplication risk (multiple observations per patient treated as independent). Each individual contributed at ten static images. In other words, the ten static images from a 2D sequence data acquired from an individual were used for validation.","No, single-site at Seoul National University",Not reported,"Disclosed: age, sex/gender, ethnicity / Not reported: race, comorbidities","Yes, for FR and CSA error rates","Yes, relates to Fetal/Obstetrics and Gynecology applications"
K243523,NAEOTOM Alpha.Peak/ NAEOTOM Alpha; NAEOTOM Alpha.Pro; NAEOTOM Alpha.Prime,"Siemens Medical Solutions USA, Inc.",Radiology,02/12/2025,Yes,Not reported,Not reported,Not reported,Not reported,Not reported,"Disclosed: [] / Not reported: [age, sex/gender, race/ethnicity, comorbidities]",Not reported,"No — The document does not mention any specific relation to women's health, pregnancy, gynecology, breast health, obstetrics, or conditions that predominantly or disproportionately affect women."
K243250,SubtleHD (1.x),"Subtle Medical, Inc.",Radiology,02/12/2025,Yes,Not reported,410 image series,N/A — one observation per patient,"Yes, more than 50% of data is from sites in the United States",Standard-of-care images,"Disclosed: None / Not reported: age, sex/gender, race/ethnicity, comorbidities","No, only mean and standard deviation reported for L1 loss, SSIM, and PSNR","No, the study involves general MRI image enhancement across various anatomical regions"
K243628,Vivid T9/Vivid T8,GE Medical Systems Ultrasound and Primary Care Diagnostics,Radiology,02/11/2025,Yes,Not reported,Not reported,Not reported,Not reported,Not reported,"Disclosed: None / Not reported: age, sex/gender, race/ethnicity, comorbidities",Not reported,Yes — The device supports clinical applications including Fetal/Obstetrics and Gynecology.
K243620,Vivid iq,GE Medical Systems Ultrasound and Primary Care Diagnostics,Radiology,02/11/2025,Yes,Not reported,Not reported,Not reported,Not reported,Not reported,"Disclosed: [] / Not reported: [age, sex/gender, race/ethnicity, comorbidities]",Not reported,Yes — The device includes clinical applications for Fetal/Obstetrics and Gynecology.
K241659,Ultrasound Workspace (UWS 6.0),Philips Ultrasound LLC,Radiology,02/10/2025,Yes,Not reported,Not reported,Not reported,Not reported,The study evaluated the performance of the integrated (subject) SWM algorithm compared to LVivo SWM (DiA Imaging Analysis) application (ground truth) in the quantification of WMSI for the same subjects’ exams.,Not reported,"Yes, confidence intervals are reported for Pearson’s correlation coefficient and limits of agreement.","No — the study relates to cardiac assessment and wall motion score index quantification, which are not specific to women's health."
K243794,EPIQ Series Diagnostic Ultrasound System; Affiniti Series Diagnostic Ultrasound System,Philips Ultrasound LLC,Radiology,02/06/2025,Yes,3964,7127 transthoracic echocardiography (TTE) cardiac clips,"No — dependence correctly handled (e.g. mixed models, per-patient aggregation, clustered standard errors). Data independence was ensured by adhering to Philips procedure related to consistent data handling and project documentation independent of the data scientist.","Yes, multiple institutions including USA, Asia, and Europe","Standard of Care (SOC) measurements obtained during initial subject visit, performed by qualified healthcare professional(s).","Disclosed: age, sex/gender, race/ethnicity / Not reported: comorbidities","Yes, confidence intervals for the limits of agreement for each parameter (hypothesis) tested",Yes — The device is indicated for use in Fetal/Obstetric and Gynecological applications.
K241593,BoneMetrics (US),Gleamer SAS,Radiology,02/05/2025,Yes,Adults: 190; Children: 50; Adolescents: 161,Same as patients,N/A — one observation per patient,Not reported,The clinical standalone performance study compared the performance of BoneMetrics US in the measurements of Cobb angles against a ground truth by computing the Mean Absolute Error (MAE) and an acceptance criteria.,"Disclosed: age / Not reported: sex/gender, race/ethnicity, comorbidities","Yes, Mean Absolute Error (MAE) has CIs","No — the device is intended for measuring Cobb angles in spinal radiographs, which is not specific to women's health."
K250035,Contour ProtégéAI+,MIM Software Inc.,Radiology,02/03/2025,Yes,Not reported,770 images,Not reported,"Yes, 32 institutions",Contour ProtégéAI+ yields comparable time-saving functionality when creating contours as other commercially available automatic segmentation products.,"Disclosed: age, sex/gender / Not reported: race/ethnicity, comorbidities","Yes, Mean ± Std MDA mm (upper 95th percentile confidence bound based on normal distribution in parentheses)","No — The study does not specifically relate to women's health, pregnancy, gynecology, breast health, obstetrics, or conditions that predominantly or disproportionately affect women."
K243268,TipTraQ (TTQ001),PranaQ Pte. Ltd.,Anesthesiology,02/03/2025,Yes,SpO2 validation: 12; Sleep validation: 147,Sleep validation: 147 samples,N/A — one observation per patient,"Yes, 2 sites: University of California San Francisco (UCSF) and Duke University Hospital",SpO2 validation study compared the TipTraQ sensor performance to reference arterial blood gas sampling; Sleep validation study compared the performance of the TipTraQ device to the gold standard in-lab polysomnography (PSG).,"Not reported: age, sex/gender, race/ethnicity, comorbidities","No, confidence intervals not reported for primary performance metrics","No — the device is intended for sleep apnea evaluation/diagnosis, which is not specific to women's health."
K241292,MyShoulder Planner (5.3SSWPL),Medacta International S.A.,Orthopedic,01/30/2025,Yes,Not reported,Not reported,Not reported,Not reported,Not reported,"Disclosed: None / Not reported: age, sex/gender, race/ethnicity, comorbidities",Not reported,"No — The device is related to shoulder replacement surgery, which is not specific to women's health."
K243042,Co-Ablation System with Sterile Co-Ablation Probe,"Hygea Medical Technology Co., Ltd.",General and Plastic Surgery,01/29/2025,Yes,Not reported,Not reported,Not reported,Not reported,Not reported,"Disclosed: None / Not reported: age, sex/gender, race/ethnicity, comorbidities",Not reported,"Yes — The device is intended for use in gynecology, including the ablation of malignant neoplasia or benign dysplasia of the female genitalia."
K244027,SANSA HSAT,Huxley Medical,Anesthesiology,01/28/2025,Yes,Not reported,Not reported,Not reported,Not reported,Not reported,"Disclosed: None / Not reported: age, sex/gender, race/ethnicity, comorbidities",Not reported,"No — The device is intended for the evaluation of sleep-related breathing disorders, which is not specific to women's health."
K243229,Bunkerhill AVC,BunkerHill Health,Radiology,01/27/2025,Yes,Not reported,Not reported,Not reported,"Yes, 33 sites across three geographical regions in the United States",Predicate device,"Not reported: age, sex/gender, race/ethnicity, comorbidities","Yes, Precision and Recall","No — the device is intended for detecting aortic valve calcification in adult patients aged 40 years and above, which is not specific to women's health."
K243657,ClearPoint System (Software Version 3.0),"ClearPoint Neuro, Inc.",Neurology,01/24/2025,Yes,Not reported,Not reported,Not reported,Not reported,Not reported,Not reported,Not reported,"No — The device is intended for stereotactic guidance in neurological procedures, which is not specific to women's health."
K244023,MAGENTIQ-COLO (ME-APDS),Magentiq Eye LTD,Gastroenterology-Urology,01/24/2025,Yes,Not reported,"212 unique full colonoscopy videos, containing 702 polyps",Yes — pseudoreplication risk (multiple observations per patient treated as independent),Not reported,Predicate device,"Disclosed: sex/gender, age, race/ethnicity / Not reported: comorbidities","Yes, metrics with CIs: FRecall, PRecall1, PRecall3, PRecall5, PRecall7","No — relates to colorectal polyps, not specific to women's health"
K241232,Galen Second Read,Ibex Medical Analytics Ltd.,Pathology,01/24/2025,Yes,Study 1: 347; Study 2: 772,Same as patients,N/A — one observation per patient,"Yes, 3 sites in Study 1 (2 US, 1 OUS); 4 sites in Study 2 (3 US, 1 OUS)",Standard of Care (SoC),"Disclosed: sex/gender / Not reported: age, race/ethnicity, comorbidities","Yes, metrics with CIs: sensitivity, specificity","No — The device is intended for analyzing prostate core needle biopsies, which is specific to male patients."
K243158,TeraRecon Aorta.CT (1.1.0),"TeraRecon, Inc.",Radiology,01/23/2025,Yes,170 studies (patients not specified),Same as patients,N/A — one observation per patient,"Yes, 3 geographical regions in the United States","The test results support the conclusion that the TeraRecon Aorta.CT device is as safe, as effective and performs as well as the predicate device cleared under K220039.","Not reported: age, sex/gender, race/ethnicity, comorbidities","Yes, for the landmarks with a 95% exact binomial confidence interval","No — the study relates to aortic bifurcation and segmentation, which are not specific to women's health."
K243350,Rapid Neuro3D,"iSchemaView, Inc.",Radiology,01/22/2025,Yes,Segmentation quality study: 115; Segmentation accuracy study: 48,Segmentation quality study: 120 CTA cases; Segmentation accuracy study: 50 CTA cases,"Yes — pseudoreplication risk (multiple observations per patient treated as independent). The segmentation quality study used 120 CTA cases from 115 patients, and the segmentation accuracy study used 50 CTA cases from 48 patients.",Not reported,"Quote: 'The primary endpoint, clinical accuracy, as determined by the consensus of up to three clinical experts against the source DICOM images, passed for all RN3D outputs.'","Disclosed: age, sex/gender / Not reported: race/ethnicity, comorbidities",Not reported,No — the device is related to neurovascular imaging and is indicated for adults without specific focus on women's health.
K243955,Precision AI Surgical Planning System (PAI-SPS),Precision AI Pty Ltd,Orthopedic,01/21/2025,Yes,Not reported,Not reported,Not reported,Not reported,Not reported,"Disclosed: None / Not reported: age, sex/gender, race/ethnicity, comorbidities",Not reported,"No — The device is related to shoulder joint arthroplasty, which is not specific to women's health."
K242825,Prenuvo Body Composition,Prenuvo,Radiology,01/17/2025,Yes,Not reported,Not reported,Not reported,Not reported,Not reported,"Disclosed: age / Not reported: sex/gender, race/ethnicity, comorbidities",Not reported,"No — the device is intended for body composition analysis applicable to all adults age 18 and above, not specifically related to women's health."
K242171,TechCare Trauma,Milvue,Radiology,01/17/2025,Yes,"Fracture detection: Adult: 4109, Pediatric: 2872; EJE detection: Adult: 280, Pediatric: 483; Reader study: Adult fracture: 304, Pediatric fracture: 256, Adult EJE: 109, Pediatric EJE: 100","Fracture detection: 4109 radiographs (adult), 2872 radiographs (pediatric); EJE detection: 280 radiographs (adult), 483 radiographs (pediatric); Reader study: 304 radiological cases (adult fracture), 256 radiological cases (pediatric fracture), 109 radiological cases (adult EJE), 100 radiological cases (pediatric EJE)",Yes — pseudoreplication risk (multiple observations per patient treated as independent),"Yes, at least 4 sites in various states in the US",The diagnostic accuracy of readers aided by TechCare Trauma is compared to readers unaided by TechCare Trauma.,"Disclosed: age, sex/gender / Not reported: race/ethnicity, comorbidities","Yes, metrics with CIs: ROC-AUC, Sensitivity, Specificity","No — the device is intended for fracture and elbow joint effusion detection in general populations, not specifically related to women's health."
K241949,Digital Color Doppler Ultrasound System (P60 Series),Sonoscape Medical Corp.,Radiology,01/17/2025,Yes,158 cases,3717 images for 14 standard sections; 2929 images for 9 standard sections,Yes — pseudoreplication risk (multiple observations per patient treated as independent),"Yes, three hospitals in China",Manual recognition and measurement of the investigators (physicians with more than 3 years of specialized training in obstetric ultrasound examination; total 7 investigators).,"Not reported: age, sex/gender, race/ethnicity, comorbidities","Yes, for the difference of Identification Precision","Yes, relates to obstetrics and gynecology (OB/Gyn)"
K242522,Second Opinion CC,Pearl Inc.,Radiology,01/16/2025,Yes,Not reported,500 images,N/A — one observation per patient,Not reported,comparing the ability of Second Opinion CC (polygonal localization) and Second Opinion (bounding box localization) to identify caries lesions,"Disclosed: age, sex/gender / Not reported: race/ethnicity, comorbidities","Yes, metrics with CIs: wAFROC-FOM, HR-ROC-AUC, lesion level sensitivity, average false positives per image, Dice coefficient","No — the study relates to dental radiographic imagery and caries detection, which is not specific to women's health"
K243065,Cardiac Guidance,"Caption Health, Inc.",Radiology,01/15/2025,Yes,Not reported,Not reported,Not reported,Not reported,Not reported,Not reported,Not reported,"No — The device is related to cardiac ultrasound imaging, which is not specific to women's health."
K241166,uCT 550,"Shanghai United Imaging Healthcare Co., Ltd.",Radiology,01/14/2025,Yes,Validation: 14; Test: 30,44 datasets,N/A — one observation per patient,Not reported,the proposed device was found to have a safety and effectiveness profile that is similar to the predicate device,"Disclosed: age, sex/gender / Not reported: race/ethnicity, comorbidities",Not reported,"No — the document does not mention any relation to women's health, pregnancy, gynecology, breast health, obstetrics, or conditions that predominantly or disproportionately affect women."
K241200,SpotLight/SpotLight Duo with Low Dose Lung Cancer Screening Option,Arineta Ltd.,Radiology,01/13/2025,Yes,14,Same as patients,N/A — one observation per patient,"Yes, 2 U.S. sites","The clinical image evaluation resulted in the expected detectability of the proposed SpotLight/ SpotLight Duo with LD LCS option, without raising any new safety and/or effectiveness concerns compared to the currently marketed predicate device.","Not reported: age, sex/gender, race/ethnicity, comorbidities",Not reported,"No — the device is related to lung cancer screening, which is not specific to women's health."
K243950,ARVIS® Shoulder,Kico Knee Innovation Company Pty Ltd,Neurology,01/13/2025,Yes,Training: 240; Test: 60,Same as patients,N/A — one observation per patient,Not reported,Not reported,"Disclosed: age, sex/gender / Not reported: race/ethnicity, comorbidities",Not reported,"No — the device relates to shoulder arthroplasty, which is not specific to women's health."
K241009,PeriCALM Patterns 3.0,"PeriGen, Inc.",Obstetrics and Gynecology,01/10/2025,Yes,70 (30 preterm and 40 term),Same as patients,N/A — one observation per patient,"Yes, hospitals using a variety of fetal monitor models and manufacturers including Corometrics 170, 250 series by GE HealthCare, Avalon FM50 and FM40 by Philips Medical, and S1 from Neoventa",Ground Truth and Clinician Readers,"Not reported: age, sex/gender, race/ethnicity, comorbidities","Yes, for performance metrics (Sensitivity, Specificity, Positive Predictive Value) and Bland-Altman analyses","Yes, the device is used for obstetrical monitoring during pregnancy"
K241891,ScreenDx,"Imvaria, Inc",Radiology,01/10/2025,Yes,"Pivotal: 3,018; Additional Validation: 2,482",Same as patients,N/A — one observation per patient,"Yes, multiple clinical sites",The subject device is equivalent to the predicate device.,"Disclosed: age, sex/gender / Not reported: race/ethnicity, comorbidities","Yes, metrics with CIs: Sensitivity, Specificity, LR+, LR-, OR, PPV, NPV","No, the study relates to lung disease which affects both men and women."
K241676,TriVerity,"Inflammatix, Inc.",Microbiology,01/10/2025,Yes,Forced Adjudication: 1200; Consensus Adjudication: 714; Prognostic Population: 1058,Same as patients,N/A — one observation per patient,"Yes, 22 sites (21 in the United States, 1 in Europe)",The diagnostic accuracy of TriVerity appears superior to that of commonly used diagnostic biomarkers.,"Disclosed: age, sex/gender, race/ethnicity, comorbidities / Not reported: None","Yes, 80% CIs are reported for likelihood ratios and AUROCs","No — the study focuses on bacterial and viral infections and their severity, not specific to women's health."
K243335,"Vantage Galan 3T, MRT-3020, V10.0 with AiCE Reconstruction Processing Unit for MR",Canon Medical Systems Corporation,Radiology,01/07/2025,Yes,106 unique subjects,480 scans,Yes — pseudoreplication risk (multiple observations per patient treated as independent),"Yes, three sites: two in USA and one in Japan",Using the conventional method (matrix expansion with Fine Reconstruction and processing with typical clinical filter) as a reference,"Disclosed: [] / Not reported: [age, sex/gender, race/ethnicity, comorbidities]",Not reported,"No — the study involves general MRI imaging across various anatomical regions, not specific to women's health"
K241079,uCT 780,"Shanghai United Imaging Healthcare Co., Ltd.",Radiology,01/07/2025,Yes,Validation: 20; Test: 40,Same as patients,N/A — one observation per patient,Not reported,"Compared with FBP, DELTA should have better LCD and noise under same scanning dose, and DELTA can reduce scanning dose keep similar LCD comparing with FBP.","Disclosed: age, sex/gender / Not reported: race/ethnicity, comorbidities",Not reported,"No — the study relates to a computed tomography x-ray system for general body imaging, not specific to women's health."
K242488,Soteria E-View,"Omega Medical Imaging, LLC",Radiology,01/06/2025,Yes,Not reported,Not reported,Not reported,Not reported,Predicate device,Not reported,Not reported,"No — The device is intended for general and pediatric radiographic/fluoroscopic applications, not specifically related to women's health."
K243481,TMINI Miniature Robotic System,"THINK Surgical, Inc.",Neurology,01/06/2025,Yes,Not reported,Not reported,Not reported,Not reported,Predicate device,"Disclosed: [] / Not reported: [age, sex/gender, race/ethnicity, comorbidities]",Not reported,"No — the device relates to orthopedic procedures, which do not predominantly or disproportionately affect women."
K242123,Brainomix 360 e-CTA,Brainomix Limited,Radiology,01/06/2025,Yes,308,Same as patients,N/A — one observation per patient,"Yes, 2 sites: Boston Medical Centre (BMC) and Mayo Clinic Rochester (MCR)","Predicate device (Brainomix 360 e-CTA, K192692)","Disclosed: age, sex/gender, race/ethnicity / Not reported: comorbidities","Yes, metrics with CIs: Vessels DSC, Parenchyma DSC","No — the device relates to image processing for CT Angiography, which is not specific to women's health."
K241350,Clarify DL,"GE Medical Systems Israel, Functional Imaging",Radiology,01/03/2025,Yes,Not reported,Not reported,Not reported,"Yes, 11 hospitals including 5 US hospitals from Ohio, Kansas, Rhode Island, and California, and 6 non-US hospitals from Europe and Asia",Predicate devices: Xeleris V Processing and Review System and StarGuide,"Not reported: age, sex/gender, race/ethnicity, comorbidities",Not reported,"No — the device is intended for Nuclear Medicine bone SPECT scintigraphy images, which is not specific to women's health"
K243363,JLK-ICH,"JLK, Inc.",Radiology,01/03/2025,Yes,"Training: 28,924; Test: 376",Same as patients,N/A — one observation per patient,"Yes, 10 sites including Stanford University, Thomas Jefferson University Hospital, Universidale Federal de Sao Paulo, Seoul St. Mary's Hospital, and five other institutions",No comparator,"Disclosed: age, sex/gender, race/ethnicity / Not reported: comorbidities","Yes, metrics with CIs: sensitivity, specificity, AUC","No — the study relates to intracranial hemorrhage detection, which is not specific to women's health"
K241696,Ortho AI,Ortho AI LLC,Radiology,01/02/2025,Yes,"Hip model: 1,367; Hip-spine model: 4,836; Knee model: 4,536","Hip model: 1,367 images; Hip-spine model: 4,836 images; Knee model: 4,536 images",N/A — one observation per patient,Not reported,No statistical difference between human vs. machine learning measurements,"Disclosed: age, sex/gender, race/ethnicity / Not reported: comorbidities",Not reported,No — the study relates to orthopedic surgeries which are not specific to women's health
K242334,Ezra Flash,"Ezra AI, Inc.",Radiology,01/02/2025,Yes,Not reported,Not reported,Not reported,Not reported,Not reported,Not reported,Not reported,No
